xml:id	Lemma	Lemma_bereinigt	Wortart	Level	Definition	Konzept	Top_1	Top_3	Top_5
PA02488	Apfel-, Äpfel-bumpes	Apfelbumpes, Äpfelbumpes	Substantiv	-	Apfelwein	Getränk.Kaltgetränk.Alkoholhaltiges_Kaltgetränk.Wein	Getränk.Kaltgetränk.Alkoholhaltiges_Kaltgetränk.Wein	Getränk.Kaltgetränk.Alkoholhaltiges_Kaltgetränk.Wein ; Getränk.Kaltgetränk.Alkoholhaltiges_Kaltgetränk.Wein.Sekt ; Getränk.Heißgetränk.Alkoholfreies_Heißgetränk	Getränk.Kaltgetränk.Alkoholhaltiges_Kaltgetränk.Wein ; Getränk.Kaltgetränk.Alkoholhaltiges_Kaltgetränk.Wein.Sekt ; Getränk.Heißgetränk.Alkoholfreies_Heißgetränk ; Getränk.Kaltgetränk.Alkoholhaltiges_Kaltgetränk.Bier ; Getränk.Heißgetränk.Alkoholhaltiges_Heißgetränk
PA02522	Apfel-most	Apfelmost	Substantiv	-	Apfelmost	Getränk.Kaltgetränk.Alkoholfreies_Kaltgetränk.Saft	Getränk.Kaltgetränk.Alkoholfreies_Kaltgetränk.Saft	Getränk.Kaltgetränk.Alkoholfreies_Kaltgetränk.Saft ; Getränk.Kaltgetränk.Alkoholfreies_Kaltgetränk.Softdrink ; Getränk.Kaltgetränk.Alkoholfreies_Kaltgetränk	Getränk.Kaltgetränk.Alkoholfreies_Kaltgetränk.Saft ; Getränk.Kaltgetränk.Alkoholfreies_Kaltgetränk.Softdrink ; Getränk.Kaltgetränk.Alkoholfreies_Kaltgetränk ; Getränk.Heißgetränk.Alkoholfreies_Heißgetränk.Kakao ; Getränk.Heißgetränk.Alkoholhaltiges_Heißgetränk
PA03037	Auf-enthalt	Aufenthalt	Substantiv	3	Schnaps	Getränk.Kaltgetränk.Alkoholhaltiges_Kaltgetränk.Spirituose	Getränk.Kaltgetränk.Alkoholhaltiges_Kaltgetränk.Spirituose	Getränk.Kaltgetränk.Alkoholhaltiges_Kaltgetränk.Spirituose ; Getränk.Kaltgetränk.Alkoholhaltiges_Kaltgetränk ; Getränk	Getränk.Kaltgetränk.Alkoholhaltiges_Kaltgetränk.Spirituose ; Getränk.Kaltgetränk.Alkoholhaltiges_Kaltgetränk ; Getränk ; Getränk.Heißgetränk.Alkoholhaltiges_Heißgetränk ; Getränk.Kaltgetränk.Alkoholfreies_Kaltgetränk.Softdrink
PB01838	be-ledern	beledern	Verb	-	betrinken	Trinken.Alkohol_trinken	Trinken.Alkohol_trinken	Trinken.Alkohol_trinken ; Trinken.Schnell_große_Mengen_trinken ; Trinken	Trinken.Alkohol_trinken ; Trinken.Schnell_große_Mengen_trinken ; Trinken ; Trinken.Austrinken ; Trinken.Geräuschvoll_trinken
PB02736	Pfeffer-minze, -minz	Pfefferminze, Pfefferminz	Substantiv	2	Pfefferminztee	Getränk.Heißgetränk.Alkoholfreies_Heißgetränk.Tee	Getränk.Heißgetränk.Alkoholfreies_Heißgetränk.Tee	Getränk.Heißgetränk.Alkoholfreies_Heißgetränk.Tee ; Getränk.Heißgetränk.Alkoholfreies_Heißgetränk.Ersatzkaffee ; Getränk.Heißgetränk.Alkoholhaltiges_Heißgetränk	Getränk.Heißgetränk.Alkoholfreies_Heißgetränk.Tee ; Getränk.Heißgetränk.Alkoholfreies_Heißgetränk.Ersatzkaffee ; Getränk.Heißgetränk.Alkoholhaltiges_Heißgetränk ; Getränk.Kaltgetränk.Alkoholfreies_Kaltgetränk.Softdrink ; Getränk.Kaltgetränk.Alkoholfreies_Kaltgetränk
PB02869	Pferds-milch	Pferdsmilch	Substantiv	-	Stutenmilch	Getränk.Kaltgetränk.Alkoholfreies_Kaltgetränk.Kaltes_Milchgetränk	Getränk.Kaltgetränk.Alkoholfreies_Kaltgetränk.Kaltes_Milchgetränk	Getränk.Kaltgetränk.Alkoholfreies_Kaltgetränk.Kaltes_Milchgetränk ; Getränk.Heißgetränk.Alkoholfreies_Heißgetränk.Kakao ; Getränk.Heißgetränk.Alkoholfreies_Heißgetränk.Kaffee	Getränk.Kaltgetränk.Alkoholfreies_Kaltgetränk.Kaltes_Milchgetränk ; Getränk.Heißgetränk.Alkoholfreies_Heißgetränk.Kakao ; Getränk.Heißgetränk.Alkoholfreies_Heißgetränk.Kaffee ; Getränk.Heißgetränk.Alkoholfreies_Heißgetränk ; Getränk.Kaltgetränk.Alkoholfreies_Kaltgetränk
PB02917	pfetzen	pfetzen	Verb	6	trinken	Trinken.Alkohol_trinken	Trinken	Trinken ; Trinken.Alkohol_trinken ; Trinken.Schnell_große_Mengen_trinken	Trinken ; Trinken.Alkohol_trinken ; Trinken.Schnell_große_Mengen_trinken ; Trinken.Austrinken ; Trinken.Geräuschvoll_trinken
PB02932	pfiffen	pfiffen	Verb	-	ein kleines Glas Wein trinken	Trinken.Alkohol_trinken	Trinken.Alkohol_trinken	Trinken.Alkohol_trinken ; Trinken.Schnell_große_Mengen_trinken ; Trinken	Trinken.Alkohol_trinken ; Trinken.Schnell_große_Mengen_trinken ; Trinken ; Trinken.Austrinken ; Trinken.Langsam_kleine_Mengen_trinken
PB03008	Pflaster	Pflaster	Substantiv	4b	Erdbeerwein	Getränk.Kaltgetränk.Alkoholhaltiges_Kaltgetränk.Wein	Getränk.Kaltgetränk.Alkoholhaltiges_Kaltgetränk.Wein	Getränk.Kaltgetränk.Alkoholhaltiges_Kaltgetränk.Wein ; Getränk.Heißgetränk.Alkoholfreies_Heißgetränk ; Getränk.Kaltgetränk.Alkoholhaltiges_Kaltgetränk.Bier	Getränk.Kaltgetränk.Alkoholhaltiges_Kaltgetränk.Wein ; Getränk.Heißgetränk.Alkoholfreies_Heißgetränk ; Getränk.Kaltgetränk.Alkoholhaltiges_Kaltgetränk.Bier ; Getränk.Kaltgetränk.Alkoholhaltiges_Kaltgetränk.Wein.Sekt ; Getränk.Kaltgetränk.Alkoholfreies_Kaltgetränk
PB03661	Bippel-henker	Bippelhenker	Substantiv	E2	Tresterwein, Haustrunk	Getränk.Kaltgetränk.Alkoholhaltiges_Kaltgetränk.Wein	Getränk.Kaltgetränk.Alkoholhaltiges_Kaltgetränk.Wein	Getränk.Kaltgetränk.Alkoholhaltiges_Kaltgetränk.Wein ; Getränk.Heißgetränk.Alkoholfreies_Heißgetränk ; Getränk.Kaltgetränk.Alkoholhaltiges_Kaltgetränk.Wein.Sekt	Getränk.Kaltgetränk.Alkoholhaltiges_Kaltgetränk.Wein ; Getränk.Heißgetränk.Alkoholfreies_Heißgetränk ; Getränk.Kaltgetränk.Alkoholhaltiges_Kaltgetränk.Wein.Sekt ; Getränk.Kaltgetränk.Alkoholhaltiges_Kaltgetränk.Bier ; Getränk.Kaltgetränk.Alkoholfreies_Kaltgetränk
PB03844	Bitter-wasser	Bitterwasser	Substantiv	-	ein sehr bitter schmeckendes Mineralwasser	Getränk.Kaltgetränk.Alkoholfreies_Kaltgetränk.Wasser	Getränk.Kaltgetränk.Alkoholfreies_Kaltgetränk.Wasser	Getränk.Kaltgetränk.Alkoholfreies_Kaltgetränk.Wasser ; Getränk.Kaltgetränk.Alkoholhaltiges_Kaltgetränk ; Getränk.Kaltgetränk.Alkoholfreies_Kaltgetränk.Softdrink	Getränk.Kaltgetränk.Alkoholfreies_Kaltgetränk.Wasser ; Getränk.Kaltgetränk.Alkoholhaltiges_Kaltgetränk ; Getränk.Kaltgetränk.Alkoholfreies_Kaltgetränk.Softdrink ; Getränk.Kaltgetränk.Alkoholhaltiges_Kaltgetränk.Spirituose ; Getränk.Kaltgetränk.Alkoholhaltiges_Kaltgetränk.Wein.Sekt
PB03868	Bitzler	Bitzler	Substantiv	1	junger, noch gärender Wein	Getränk.Kaltgetränk.Alkoholhaltiges_Kaltgetränk.Wein	Getränk.Kaltgetränk.Alkoholhaltiges_Kaltgetränk.Wein	Getränk.Kaltgetränk.Alkoholhaltiges_Kaltgetränk.Wein ; Getränk.Heißgetränk.Alkoholfreies_Heißgetränk ; Getränk.Kaltgetränk.Alkoholhaltiges_Kaltgetränk.Bier	Getränk.Kaltgetränk.Alkoholhaltiges_Kaltgetränk.Wein ; Getränk.Heißgetränk.Alkoholfreies_Heißgetränk ; Getränk.Kaltgetränk.Alkoholhaltiges_Kaltgetränk.Bier ; Getränk.Kaltgetränk.Alkoholhaltiges_Kaltgetränk.Wein.Sekt ; Getränk.Heißgetränk.Alkoholfreies_Heißgetränk.Kaffee
PB04755	Böcksler	Böcksler	Substantiv	1	Wein mit Bodengeschmack	Getränk.Kaltgetränk.Alkoholhaltiges_Kaltgetränk.Wein	Getränk.Kaltgetränk.Alkoholhaltiges_Kaltgetränk.Wein	Getränk.Kaltgetränk.Alkoholhaltiges_Kaltgetränk.Wein ; Getränk.Heißgetränk.Alkoholfreies_Heißgetränk ; Getränk.Kaltgetränk.Alkoholhaltiges_Kaltgetränk.Bier	Getränk.Kaltgetränk.Alkoholhaltiges_Kaltgetränk.Wein ; Getränk.Heißgetränk.Alkoholfreies_Heißgetränk ; Getränk.Kaltgetränk.Alkoholhaltiges_Kaltgetränk.Bier ; Getränk.Kaltgetränk.Alkoholhaltiges_Kaltgetränk.Wein.Sekt ; Getränk.Heißgetränk.Alkoholhaltiges_Heißgetränk
PB04859	Bohnen-kaffee	Bohnenkaffee	Substantiv	-	Bohnenkaffee	Getränk.Heißgetränk.Alkoholfreies_Heißgetränk.Kaffee	Getränk.Heißgetränk.Alkoholfreies_Heißgetränk.Ersatzkaffee	Getränk.Heißgetränk.Alkoholfreies_Heißgetränk.Ersatzkaffee ; Getränk.Heißgetränk.Alkoholfreies_Heißgetränk.Kaffee ; Getränk.Kaltgetränk.Alkoholfreies_Kaltgetränk	Getränk.Heißgetränk.Alkoholfreies_Heißgetränk.Ersatzkaffee ; Getränk.Heißgetränk.Alkoholfreies_Heißgetränk.Kaffee ; Getränk.Kaltgetränk.Alkoholfreies_Kaltgetränk ; Getränk.Heißgetränk.Alkoholhaltiges_Heißgetränk ; Getränk.Heißgetränk.Alkoholfreies_Heißgetränk.Kakao
PB05642	Branntwein-schnäpsel	Branntweinschnäpsel	Substantiv	-	ein Gläschen Schnaps	Getränk.Kaltgetränk.Alkoholhaltiges_Kaltgetränk.Spirituose	Getränk.Kaltgetränk.Alkoholhaltiges_Kaltgetränk.Spirituose	Getränk.Kaltgetränk.Alkoholhaltiges_Kaltgetränk.Spirituose ; Trinken.Alkohol_trinken ; Getränk.Kaltgetränk.Alkoholhaltiges_Kaltgetränk	Getränk.Kaltgetränk.Alkoholhaltiges_Kaltgetränk.Spirituose ; Trinken.Alkohol_trinken ; Getränk.Kaltgetränk.Alkoholhaltiges_Kaltgetränk ; Getränk ; Getränk.Heißgetränk.Alkoholhaltiges_Heißgetränk
PB05678	Brast	Brast	Substantiv	1.4	Durst	Durst	Durst	Durst ; Getränk.Heißgetränk.Alkoholfreies_Heißgetränk.Kaffee ; Trinken	Durst ; Getränk.Heißgetränk.Alkoholfreies_Heißgetränk.Kaffee ; Trinken ; Getränk.Heißgetränk.Alkoholhaltiges_Heißgetränk ; Getränk
PB05724	Bratz	Bratz	Substantiv	-	schlechter Kaffee	Getränk.Heißgetränk.Alkoholfreies_Heißgetränk.Kaffee	Getränk.Heißgetränk.Alkoholfreies_Heißgetränk.Kaffee	Getränk.Heißgetränk.Alkoholfreies_Heißgetränk.Kaffee ; Getränk.Heißgetränk.Alkoholfreies_Heißgetränk ; Getränk.Heißgetränk.Alkoholfreies_Heißgetränk.Ersatzkaffee	Getränk.Heißgetränk.Alkoholfreies_Heißgetränk.Kaffee ; Getränk.Heißgetränk.Alkoholfreies_Heißgetränk ; Getränk.Heißgetränk.Alkoholfreies_Heißgetränk.Ersatzkaffee ; Getränk.Kaltgetränk.Alkoholfreies_Kaltgetränk ; Getränk.Heißgetränk.Alkoholhaltiges_Heißgetränk
PB06370	prostern	prostern	Verb	-	trinken	Trinken.Alkohol_trinken	Trinken	Trinken ; Trinken.Alkohol_trinken ; Trinken.Schnell_große_Mengen_trinken	Trinken ; Trinken.Alkohol_trinken ; Trinken.Schnell_große_Mengen_trinken ; Trinken.Austrinken ; Trinken.Geräuschvoll_trinken
PB06562	Brühe	Brühe	Substantiv	2	Beeren-, Gemüsesaft	Getränk.Kaltgetränk.Alkoholfreies_Kaltgetränk.Saft	Getränk.Kaltgetränk.Alkoholfreies_Kaltgetränk.Saft	Getränk.Kaltgetränk.Alkoholfreies_Kaltgetränk.Saft ; Getränk.Kaltgetränk.Alkoholfreies_Kaltgetränk ; Getränk.Kaltgetränk.Alkoholfreies_Kaltgetränk.Softdrink	Getränk.Kaltgetränk.Alkoholfreies_Kaltgetränk.Saft ; Getränk.Kaltgetränk.Alkoholfreies_Kaltgetränk ; Getränk.Kaltgetränk.Alkoholfreies_Kaltgetränk.Softdrink ; Getränk.Kaltgetränk.Alkoholhaltiges_Kaltgetränk.Wein ; Getränk.Heißgetränk.Alkoholfreies_Heißgetränk.Kakao
PB07852	Butzen-milch, Butze-milch	Butzenmilch, Butzemilch	Substantiv	-	die erste dicke, unreine Milch der Kuh nach dem Kalben	Getränk.Kaltgetränk.Alkoholfreies_Kaltgetränk.Kaltes_Milchgetränk	Getränk.Kaltgetränk.Alkoholfreies_Kaltgetränk.Kaltes_Milchgetränk	Getränk.Kaltgetränk.Alkoholfreies_Kaltgetränk.Kaltes_Milchgetränk ; Getränk.Heißgetränk.Alkoholfreies_Heißgetränk ; Getränk.Heißgetränk.Alkoholfreies_Heißgetränk.Kaffee	Getränk.Kaltgetränk.Alkoholfreies_Kaltgetränk.Kaltes_Milchgetränk ; Getränk.Heißgetränk.Alkoholfreies_Heißgetränk ; Getränk.Heißgetränk.Alkoholfreies_Heißgetränk.Kaffee ; Getränk.Kaltgetränk.Alkoholfreies_Kaltgetränk ; Getränk.Kaltgetränk.Alkoholhaltiges_Kaltgetränk.Bier
PD00533	Tal-wein	Talwein	Substantiv	-	Wein aus niedrigen Lagen	Getränk.Kaltgetränk.Alkoholhaltiges_Kaltgetränk.Wein	Getränk.Kaltgetränk.Alkoholhaltiges_Kaltgetränk.Wein	Getränk.Kaltgetränk.Alkoholhaltiges_Kaltgetränk.Wein ; Getränk.Heißgetränk.Alkoholfreies_Heißgetränk ; Getränk.Kaltgetränk.Alkoholhaltiges_Kaltgetränk.Bier	Getränk.Kaltgetränk.Alkoholhaltiges_Kaltgetränk.Wein ; Getränk.Heißgetränk.Alkoholfreies_Heißgetränk ; Getränk.Kaltgetränk.Alkoholhaltiges_Kaltgetränk.Bier ; Getränk.Kaltgetränk.Alkoholhaltiges_Kaltgetränk.Wein.Sekt ; Getränk.Heißgetränk.Alkoholhaltiges_Heißgetränk
PD02627	Dividenden-brühe	Dividendenbrühe	Substantiv	-	Bier	Getränk.Kaltgetränk.Alkoholhaltiges_Kaltgetränk.Bier	Getränk.Kaltgetränk.Alkoholhaltiges_Kaltgetränk.Bier	Getränk.Kaltgetränk.Alkoholhaltiges_Kaltgetränk.Bier ; Getränk.Kaltgetränk.Alkoholhaltiges_Kaltgetränk ; Getränk.Heißgetränk.Alkoholfreies_Heißgetränk	Getränk.Kaltgetränk.Alkoholhaltiges_Kaltgetränk.Bier ; Getränk.Kaltgetränk.Alkoholhaltiges_Kaltgetränk ; Getränk.Heißgetränk.Alkoholfreies_Heißgetränk ; Getränk ; Getränk.Heißgetränk.Alkoholfreies_Heißgetränk.Kaffee
PD02923	Doppel-bock	Doppelbock	Substantiv	-	besonders starkes Bier	Getränk.Kaltgetränk.Alkoholhaltiges_Kaltgetränk.Bier	Getränk.Kaltgetränk.Alkoholhaltiges_Kaltgetränk.Bier	Getränk.Kaltgetränk.Alkoholhaltiges_Kaltgetränk.Bier ; Getränk.Heißgetränk.Alkoholfreies_Heißgetränk ; Getränk.Kaltgetränk.Alkoholhaltiges_Kaltgetränk	Getränk.Kaltgetränk.Alkoholhaltiges_Kaltgetränk.Bier ; Getränk.Heißgetränk.Alkoholfreies_Heißgetränk ; Getränk.Kaltgetränk.Alkoholhaltiges_Kaltgetränk ; Getränk ; Getränk.Heißgetränk.Alkoholfreies_Heißgetränk.Kaffee
PD04512	Triumph-bock	Triumphbock	Substantiv	-	Biersorte	Getränk.Kaltgetränk.Alkoholhaltiges_Kaltgetränk.Bier	Getränk.Kaltgetränk.Alkoholhaltiges_Kaltgetränk.Bier	Getränk.Kaltgetränk.Alkoholhaltiges_Kaltgetränk.Bier ; Getränk.Heißgetränk.Alkoholfreies_Heißgetränk ; Getränk.Kaltgetränk.Alkoholhaltiges_Kaltgetränk	Getränk.Kaltgetränk.Alkoholhaltiges_Kaltgetränk.Bier ; Getränk.Heißgetränk.Alkoholfreies_Heißgetränk ; Getränk.Kaltgetränk.Alkoholhaltiges_Kaltgetränk ; Getränk ; Getränk.Heißgetränk.Alkoholfreies_Heißgetränk.Kaffee
PD04576	Troll-schoppen	Trollschoppen	Substantiv	-	letzter Schoppen, der vor dem Nachhausegehen im Stehengetrunken wird	Getränk.Kaltgetränk.Alkoholhaltiges_Kaltgetränk	Getränk.Kaltgetränk.Alkoholhaltiges_Kaltgetränk	Getränk.Kaltgetränk.Alkoholhaltiges_Kaltgetränk ; Getränk.Kaltgetränk.Alkoholhaltiges_Kaltgetränk.Bier ; Getränk.Kaltgetränk.Alkoholfreies_Kaltgetränk	Getränk.Kaltgetränk.Alkoholhaltiges_Kaltgetränk ; Getränk.Kaltgetränk.Alkoholhaltiges_Kaltgetränk.Bier ; Getränk.Kaltgetränk.Alkoholfreies_Kaltgetränk ; Getränk.Heißgetränk.Alkoholfreies_Heißgetränk ; Getränk
PD04669	Trub, Trube	Trub, Trube	Substantiv	1	trüber Rückstand von Flüssigkeiten, bes. dergetrübte letzte Wein im Faß	Getränk.Kaltgetränk.Alkoholhaltiges_Kaltgetränk.Wein	Getränk.Kaltgetränk.Alkoholhaltiges_Kaltgetränk.Wein	Getränk.Kaltgetränk.Alkoholhaltiges_Kaltgetränk.Wein ; Getränk.Heißgetränk.Alkoholfreies_Heißgetränk ; Getränk	Getränk.Kaltgetränk.Alkoholhaltiges_Kaltgetränk.Wein ; Getränk.Heißgetränk.Alkoholfreies_Heißgetränk ; Getränk ; Getränk.Kaltgetränk.Alkoholhaltiges_Kaltgetränk.Bier ; Getränk.Kaltgetränk.Alkoholfreies_Kaltgetränk
PD04718	Drücker-wein	Drückerwein	Substantiv	-	Tresterwein	Getränk.Kaltgetränk.Alkoholhaltiges_Kaltgetränk.Wein	Getränk.Kaltgetränk.Alkoholhaltiges_Kaltgetränk.Wein	Getränk.Kaltgetränk.Alkoholhaltiges_Kaltgetränk.Wein ; Getränk.Kaltgetränk.Alkoholhaltiges_Kaltgetränk.Wein.Sekt ; Getränk.Heißgetränk.Alkoholfreies_Heißgetränk	Getränk.Kaltgetränk.Alkoholhaltiges_Kaltgetränk.Wein ; Getränk.Kaltgetränk.Alkoholhaltiges_Kaltgetränk.Wein.Sekt ; Getränk.Heißgetränk.Alkoholfreies_Heißgetränk ; Getränk.Kaltgetränk.Alkoholfreies_Kaltgetränk.Saft ; Getränk.Kaltgetränk.Alkoholhaltiges_Kaltgetränk.Bier
PD04751	trudeln	trudeln	Verb	2.2	trinken	Trinken.Alkohol_trinken	Trinken	Trinken ; Trinken.Alkohol_trinken ; Trinken.Schnell_große_Mengen_trinken	Trinken ; Trinken.Alkohol_trinken ; Trinken.Schnell_große_Mengen_trinken ; Trinken.Austrinken ; Trinken.Geräuschvoll_trinken
PD04832	Druschelbeeren-wein	Druschelbeerenwein	Substantiv	-	Wein aus Stachelbeeren	Getränk.Kaltgetränk.Alkoholhaltiges_Kaltgetränk.Wein	Getränk.Kaltgetränk.Alkoholhaltiges_Kaltgetränk.Wein	Getränk.Kaltgetränk.Alkoholhaltiges_Kaltgetränk.Wein ; Getränk.Heißgetränk.Alkoholfreies_Heißgetränk ; Getränk.Kaltgetränk.Alkoholhaltiges_Kaltgetränk.Bier	Getränk.Kaltgetränk.Alkoholhaltiges_Kaltgetränk.Wein ; Getränk.Heißgetränk.Alkoholfreies_Heißgetränk ; Getränk.Kaltgetränk.Alkoholhaltiges_Kaltgetränk.Bier ; Getränk.Kaltgetränk.Alkoholhaltiges_Kaltgetränk.Wein.Sekt ; Getränk.Kaltgetränk.Alkoholfreies_Kaltgetränk
PD05026	Dullianer	Dullianer	Substantiv	-	Tresterwein	Getränk.Kaltgetränk.Alkoholhaltiges_Kaltgetränk.Wein	Getränk.Kaltgetränk.Alkoholhaltiges_Kaltgetränk.Wein	Getränk.Kaltgetränk.Alkoholhaltiges_Kaltgetränk.Wein ; Getränk.Kaltgetränk.Alkoholhaltiges_Kaltgetränk.Wein.Sekt ; Getränk.Heißgetränk.Alkoholfreies_Heißgetränk	Getränk.Kaltgetränk.Alkoholhaltiges_Kaltgetränk.Wein ; Getränk.Kaltgetränk.Alkoholhaltiges_Kaltgetränk.Wein.Sekt ; Getränk.Heißgetränk.Alkoholfreies_Heißgetränk ; Getränk.Kaltgetränk.Alkoholfreies_Kaltgetränk.Saft ; Getränk.Kaltgetränk.Alkoholhaltiges_Kaltgetränk.Bier
PD05027	Dullianer-brühe	Dullianerbrühe	Substantiv	-	schlechter Wein	Getränk.Kaltgetränk.Alkoholhaltiges_Kaltgetränk.Wein	Getränk.Kaltgetränk.Alkoholhaltiges_Kaltgetränk.Wein	Getränk.Kaltgetränk.Alkoholhaltiges_Kaltgetränk.Wein ; Getränk.Heißgetränk.Alkoholfreies_Heißgetränk ; Getränk.Kaltgetränk.Alkoholhaltiges_Kaltgetränk.Bier	Getränk.Kaltgetränk.Alkoholhaltiges_Kaltgetränk.Wein ; Getränk.Heißgetränk.Alkoholfreies_Heißgetränk ; Getränk.Kaltgetränk.Alkoholhaltiges_Kaltgetränk.Bier ; Getränk ; Getränk.Kaltgetränk.Alkoholhaltiges_Kaltgetränk.Wein.Sekt
PD05457	durch-saufen	durchsaufen	Verb	-	einen Zeitraum hindurch unmäßig trinken	Trinken.Alkohol_trinken	Trinken.Schnell_große_Mengen_trinken	Trinken.Schnell_große_Mengen_trinken ; Trinken.Alkohol_trinken ; Trinken	Trinken.Schnell_große_Mengen_trinken ; Trinken.Alkohol_trinken ; Trinken ; Trinken.Geräuschvoll_trinken ; Trinken.Langsam_kleine_Mengen_trinken
PE00983	ein-tun	eintun	Verb	x'1.2a	einen Rausch antrinken	Trinken.Alkohol_trinken	Trinken.Alkohol_trinken	Trinken.Alkohol_trinken ; Trinken.Schnell_große_Mengen_trinken ; Trinken	Trinken.Alkohol_trinken ; Trinken.Schnell_große_Mengen_trinken ; Trinken ; Trinken.Austrinken ; Trinken.Langsam_kleine_Mengen_trinken
PF00457	Faß-böckser	Faßböckser	Substantiv	-	Wein mit unangenehmem Faßgeschmack	Getränk.Kaltgetränk.Alkoholhaltiges_Kaltgetränk.Wein	Getränk.Kaltgetränk.Alkoholhaltiges_Kaltgetränk.Wein	Getränk.Kaltgetränk.Alkoholhaltiges_Kaltgetränk.Wein ; Getränk.Heißgetränk.Alkoholfreies_Heißgetränk ; Getränk.Kaltgetränk.Alkoholhaltiges_Kaltgetränk.Bier	Getränk.Kaltgetränk.Alkoholhaltiges_Kaltgetränk.Wein ; Getränk.Heißgetränk.Alkoholfreies_Heißgetränk ; Getränk.Kaltgetränk.Alkoholhaltiges_Kaltgetränk.Bier ; Getränk.Heißgetränk.Alkoholfreies_Heißgetränk.Kaffee ; Getränk.Heißgetränk.Alkoholhaltiges_Heißgetränk
PF01444	Vergiß-mein-nicht	Vergißmeinnicht	Substantiv	2a	Schnaps	Getränk.Kaltgetränk.Alkoholhaltiges_Kaltgetränk.Spirituose	Getränk.Kaltgetränk.Alkoholhaltiges_Kaltgetränk.Spirituose	Getränk.Kaltgetränk.Alkoholhaltiges_Kaltgetränk.Spirituose ; Getränk.Kaltgetränk.Alkoholhaltiges_Kaltgetränk ; Getränk	Getränk.Kaltgetränk.Alkoholhaltiges_Kaltgetränk.Spirituose ; Getränk.Kaltgetränk.Alkoholhaltiges_Kaltgetränk ; Getränk ; Getränk.Heißgetränk.Alkoholhaltiges_Heißgetränk ; Getränk.Kaltgetränk.Alkoholfreies_Kaltgetränk.Softdrink
PF02878	Feuer-wasser	Feuerwasser	Substantiv	x	Schnaps	Getränk.Kaltgetränk.Alkoholhaltiges_Kaltgetränk.Spirituose	Getränk.Kaltgetränk.Alkoholhaltiges_Kaltgetränk.Spirituose	Getränk.Kaltgetränk.Alkoholhaltiges_Kaltgetränk.Spirituose ; Getränk.Kaltgetränk.Alkoholhaltiges_Kaltgetränk ; Getränk	Getränk.Kaltgetränk.Alkoholhaltiges_Kaltgetränk.Spirituose ; Getränk.Kaltgetränk.Alkoholhaltiges_Kaltgetränk ; Getränk ; Getränk.Heißgetränk.Alkoholhaltiges_Heißgetränk ; Getränk.Kaltgetränk.Alkoholfreies_Kaltgetränk.Softdrink
PF03163	Fiez	Fiez	Substantiv	1	Apfelwein	Getränk.Kaltgetränk.Alkoholhaltiges_Kaltgetränk.Wein	Getränk.Kaltgetränk.Alkoholhaltiges_Kaltgetränk.Wein	Getränk.Kaltgetränk.Alkoholhaltiges_Kaltgetränk.Wein ; Getränk.Kaltgetränk.Alkoholhaltiges_Kaltgetränk.Wein.Sekt ; Getränk.Heißgetränk.Alkoholfreies_Heißgetränk	Getränk.Kaltgetränk.Alkoholhaltiges_Kaltgetränk.Wein ; Getränk.Kaltgetränk.Alkoholhaltiges_Kaltgetränk.Wein.Sekt ; Getränk.Heißgetränk.Alkoholfreies_Heißgetränk ; Getränk.Kaltgetränk.Alkoholhaltiges_Kaltgetränk.Bier ; Getränk.Heißgetränk.Alkoholhaltiges_Heißgetränk
PF03588	Flanz	Flanz	Substantiv	-	Milch	Getränk.Kaltgetränk.Alkoholfreies_Kaltgetränk.Kaltes_Milchgetränk	Getränk.Kaltgetränk.Alkoholfreies_Kaltgetränk.Kaltes_Milchgetränk	Getränk.Kaltgetränk.Alkoholfreies_Kaltgetränk.Kaltes_Milchgetränk ; Getränk.Heißgetränk.Alkoholfreies_Heißgetränk.Kaffee ; Getränk.Heißgetränk.Alkoholfreies_Heißgetränk.Kakao	Getränk.Kaltgetränk.Alkoholfreies_Kaltgetränk.Kaltes_Milchgetränk ; Getränk.Heißgetränk.Alkoholfreies_Heißgetränk.Kaffee ; Getränk.Heißgetränk.Alkoholfreies_Heißgetränk.Kakao ; Getränk.Heißgetränk.Alkoholfreies_Heißgetränk ; Getränk.Kaltgetränk.Alkoholhaltiges_Kaltgetränk.Wein.Sekt
PF05806	Fusel	Fusel	Substantiv	1.2	schlechter Wein	Getränk.Kaltgetränk.Alkoholhaltiges_Kaltgetränk.Wein	Getränk.Kaltgetränk.Alkoholhaltiges_Kaltgetränk.Wein	Getränk.Kaltgetränk.Alkoholhaltiges_Kaltgetränk.Wein ; Getränk.Heißgetränk.Alkoholfreies_Heißgetränk ; Getränk.Kaltgetränk.Alkoholhaltiges_Kaltgetränk.Bier	Getränk.Kaltgetränk.Alkoholhaltiges_Kaltgetränk.Wein ; Getränk.Heißgetränk.Alkoholfreies_Heißgetränk ; Getränk.Kaltgetränk.Alkoholhaltiges_Kaltgetränk.Bier ; Getränk ; Getränk.Kaltgetränk.Alkoholhaltiges_Kaltgetränk.Wein.Sekt
PG00935	Ge-bruttel	Gebruttel	Substantiv	2	Kaffeegetränk, in dem Rückstände schwimmen	Getränk.Heißgetränk.Alkoholfreies_Heißgetränk.Kaffee	Getränk.Heißgetränk.Alkoholfreies_Heißgetränk	Getränk.Heißgetränk.Alkoholfreies_Heißgetränk ; Getränk.Heißgetränk.Alkoholfreies_Heißgetränk.Kaffee ; Getränk.Kaltgetränk.Alkoholfreies_Kaltgetränk	Getränk.Heißgetränk.Alkoholfreies_Heißgetränk ; Getränk.Heißgetränk.Alkoholfreies_Heißgetränk.Kaffee ; Getränk.Kaltgetränk.Alkoholfreies_Kaltgetränk ; Getränk.Heißgetränk.Alkoholfreies_Heißgetränk.Ersatzkaffee ; Getränk.Kaltgetränk.Alkoholhaltiges_Kaltgetränk.Bier
PG01943	Ge-plämpels	Geplämpels	Substantiv	-	Apfelwein	Getränk.Kaltgetränk.Alkoholhaltiges_Kaltgetränk.Wein	Getränk.Kaltgetränk.Alkoholhaltiges_Kaltgetränk.Wein	Getränk.Kaltgetränk.Alkoholhaltiges_Kaltgetränk.Wein ; Getränk.Kaltgetränk.Alkoholhaltiges_Kaltgetränk.Wein.Sekt ; Getränk.Heißgetränk.Alkoholfreies_Heißgetränk	Getränk.Kaltgetränk.Alkoholhaltiges_Kaltgetränk.Wein ; Getränk.Kaltgetränk.Alkoholhaltiges_Kaltgetränk.Wein.Sekt ; Getränk.Heißgetränk.Alkoholfreies_Heißgetränk ; Getränk.Kaltgetränk.Alkoholhaltiges_Kaltgetränk.Bier ; Getränk.Heißgetränk.Alkoholhaltiges_Heißgetränk
PG04443	Grundbirnen-branntwein, Grundbirn-branntwein	Grundbirnenbranntwein, Grundbirnbranntwein	Substantiv	-	Kartoffelschnaps	Getränk.Kaltgetränk.Alkoholhaltiges_Kaltgetränk.Spirituose	Getränk.Kaltgetränk.Alkoholhaltiges_Kaltgetränk.Spirituose	Getränk.Kaltgetränk.Alkoholhaltiges_Kaltgetränk.Spirituose ; Getränk.Heißgetränk.Alkoholhaltiges_Heißgetränk ; Getränk.Kaltgetränk.Alkoholhaltiges_Kaltgetränk	Getränk.Kaltgetränk.Alkoholhaltiges_Kaltgetränk.Spirituose ; Getränk.Heißgetränk.Alkoholhaltiges_Heißgetränk ; Getränk.Kaltgetränk.Alkoholhaltiges_Kaltgetränk ; Getränk.Kaltgetränk.Alkoholfreies_Kaltgetränk.Softdrink ; Getränk
PG04783	Gullianer	Gullianer	Substantiv	-	minderwertiger Wein	Getränk.Kaltgetränk.Alkoholhaltiges_Kaltgetränk.Wein	Getränk.Kaltgetränk.Alkoholhaltiges_Kaltgetränk.Wein	Getränk.Kaltgetränk.Alkoholhaltiges_Kaltgetränk.Wein ; Getränk.Heißgetränk.Alkoholfreies_Heißgetränk ; Getränk.Kaltgetränk.Alkoholhaltiges_Kaltgetränk.Bier	Getränk.Kaltgetränk.Alkoholhaltiges_Kaltgetränk.Wein ; Getränk.Heißgetränk.Alkoholfreies_Heißgetränk ; Getränk.Kaltgetränk.Alkoholhaltiges_Kaltgetränk.Bier ; Getränk ; Getränk.Kaltgetränk.Alkoholfreies_Kaltgetränk
PH03867	herum-trinken	herumtrinken	Verb	-	reihum trinken auf jemandes Wohl	Trinken	Trinken	Trinken ; Trinken.Schnell_große_Mengen_trinken ; Trinken.Alkohol_trinken	Trinken ; Trinken.Schnell_große_Mengen_trinken ; Trinken.Alkohol_trinken ; Trinken.Geräuschvoll_trinken ; Trinken.Langsam_kleine_Mengen_trinken
PJ00223	Jekuff	Jekuff	Substantiv	-	Umtrunk, das sich Zutrinken	Trinken	Trinken.Alkohol_trinken	Trinken.Alkohol_trinken ; Trinken ; Trinken.Schnell_große_Mengen_trinken	Trinken.Alkohol_trinken ; Trinken ; Trinken.Schnell_große_Mengen_trinken ; Trinken.Austrinken ; Trinken.Geräuschvoll_trinken
PJ00363	Johann-Jakob	JohannJakob	Substantiv	2c	Schnaps	Getränk.Kaltgetränk.Alkoholhaltiges_Kaltgetränk.Spirituose	Getränk.Kaltgetränk.Alkoholhaltiges_Kaltgetränk.Spirituose	Getränk.Kaltgetränk.Alkoholhaltiges_Kaltgetränk.Spirituose ; Getränk.Kaltgetränk.Alkoholhaltiges_Kaltgetränk ; Getränk	Getränk.Kaltgetränk.Alkoholhaltiges_Kaltgetränk.Spirituose ; Getränk.Kaltgetränk.Alkoholhaltiges_Kaltgetränk ; Getränk ; Getränk.Heißgetränk.Alkoholhaltiges_Heißgetränk ; Getränk.Kaltgetränk.Alkoholfreies_Kaltgetränk.Softdrink
PJ00385	Joli	Joli	Substantiv	-	Haustrunk	Getränk.Kaltgetränk.Alkoholhaltiges_Kaltgetränk.Wein	Getränk.Kaltgetränk.Alkoholhaltiges_Kaltgetränk.Wein	Getränk.Kaltgetränk.Alkoholhaltiges_Kaltgetränk.Wein ; Getränk.Heißgetränk.Alkoholfreies_Heißgetränk ; Getränk.Kaltgetränk.Alkoholhaltiges_Kaltgetränk.Bier	Getränk.Kaltgetränk.Alkoholhaltiges_Kaltgetränk.Wein ; Getränk.Heißgetränk.Alkoholfreies_Heißgetränk ; Getränk.Kaltgetränk.Alkoholhaltiges_Kaltgetränk.Bier ; Getränk.Kaltgetränk.Alkoholhaltiges_Kaltgetränk.Wein.Sekt ; Getränk.Kaltgetränk.Alkoholfreies_Kaltgetränk
PK00181	Kakao	Kakao	Substantiv	-	Kakao	Getränk.Heißgetränk.Alkoholfreies_Heißgetränk.Kakao	Getränk.Heißgetränk.Alkoholfreies_Heißgetränk.Kakao	Getränk.Heißgetränk.Alkoholfreies_Heißgetränk.Kakao ; Getränk.Heißgetränk.Alkoholfreies_Heißgetränk.Ersatzkaffee ; Getränk.Heißgetränk.Alkoholhaltiges_Heißgetränk	Getränk.Heißgetränk.Alkoholfreies_Heißgetränk.Kakao ; Getränk.Heißgetränk.Alkoholfreies_Heißgetränk.Ersatzkaffee ; Getränk.Heißgetränk.Alkoholhaltiges_Heißgetränk ; Getränk.Kaltgetränk.Alkoholfreies_Kaltgetränk.Softdrink ; Getränk.Kaltgetränk.Alkoholfreies_Kaltgetränk
PK00764	Karst-ausgemachter	Karstausgemachter	Substantiv	-	Schnaps	Getränk.Kaltgetränk.Alkoholhaltiges_Kaltgetränk.Spirituose	Getränk.Kaltgetränk.Alkoholhaltiges_Kaltgetränk.Spirituose	Getränk.Kaltgetränk.Alkoholhaltiges_Kaltgetränk.Spirituose ; Getränk.Kaltgetränk.Alkoholhaltiges_Kaltgetränk ; Getränk	Getränk.Kaltgetränk.Alkoholhaltiges_Kaltgetränk.Spirituose ; Getränk.Kaltgetränk.Alkoholhaltiges_Kaltgetränk ; Getränk ; Getränk.Heißgetränk.Alkoholhaltiges_Heißgetränk ; Getränk.Kaltgetränk.Alkoholfreies_Kaltgetränk.Softdrink
PK03783	Koloster	Koloster	Substantiv	-	erste Milch einer Kuh nach dem Kalben	Getränk.Kaltgetränk.Alkoholfreies_Kaltgetränk.Kaltes_Milchgetränk	Getränk.Kaltgetränk.Alkoholfreies_Kaltgetränk.Kaltes_Milchgetränk	Getränk.Kaltgetränk.Alkoholfreies_Kaltgetränk.Kaltes_Milchgetränk ; Getränk.Heißgetränk.Alkoholfreies_Heißgetränk ; Getränk.Kaltgetränk.Alkoholfreies_Kaltgetränk.Saft	Getränk.Kaltgetränk.Alkoholfreies_Kaltgetränk.Kaltes_Milchgetränk ; Getränk.Heißgetränk.Alkoholfreies_Heißgetränk ; Getränk.Kaltgetränk.Alkoholfreies_Kaltgetränk.Saft ; Getränk.Kaltgetränk.Alkoholfreies_Kaltgetränk ; Getränk.Kaltgetränk.Alkoholhaltiges_Kaltgetränk.Bier
PK04340	Krabbel-an-der-Wand	KrabbelanderWand	Substantiv	2	Branntwein	Getränk.Kaltgetränk.Alkoholhaltiges_Kaltgetränk.Spirituose	Getränk.Kaltgetränk.Alkoholhaltiges_Kaltgetränk.Spirituose	Getränk.Kaltgetränk.Alkoholhaltiges_Kaltgetränk.Spirituose ; Getränk.Heißgetränk.Alkoholhaltiges_Heißgetränk ; Getränk.Kaltgetränk.Alkoholfreies_Kaltgetränk.Softdrink	Getränk.Kaltgetränk.Alkoholhaltiges_Kaltgetränk.Spirituose ; Getränk.Heißgetränk.Alkoholhaltiges_Heißgetränk ; Getränk.Kaltgetränk.Alkoholfreies_Kaltgetränk.Softdrink ; Getränk.Heißgetränk.Alkoholfreies_Heißgetränk.Kakao ; Getränk.Kaltgetränk.Alkoholhaltiges_Kaltgetränk.Wein.Sekt
PL00160	Lage	Lage	Substantiv	2b	eine Runde Bier, Wein usw.	Getränk.Kaltgetränk.Alkoholhaltiges_Kaltgetränk	Getränk.Kaltgetränk.Alkoholhaltiges_Kaltgetränk.Bier	Getränk.Kaltgetränk.Alkoholhaltiges_Kaltgetränk.Bier ; Getränk ; Getränk.Heißgetränk.Alkoholfreies_Heißgetränk	Getränk.Kaltgetränk.Alkoholhaltiges_Kaltgetränk.Bier ; Getränk ; Getränk.Heißgetränk.Alkoholfreies_Heißgetränk ; Getränk.Kaltgetränk.Alkoholhaltiges_Kaltgetränk ; Trinken.Alkohol_trinken
PL00808	Laugens-brühe, Laugs-brühe	Laugensbrühe, Laugsbrühe	Substantiv	-	fades, schlechtes Getränk, bes. von Kaffee oder Wein	Getränk.Heißgetränk.Alkoholfreies_Heißgetränk.Kaffee	Getränk.Heißgetränk.Alkoholfreies_Heißgetränk	Getränk.Heißgetränk.Alkoholfreies_Heißgetränk ; Getränk ; Getränk.Heißgetränk.Alkoholfreies_Heißgetränk.Kaffee	Getränk.Heißgetränk.Alkoholfreies_Heißgetränk ; Getränk ; Getränk.Heißgetränk.Alkoholfreies_Heißgetränk.Kaffee ; Getränk.Kaltgetränk.Alkoholfreies_Kaltgetränk ; Getränk.Kaltgetränk.Alkoholhaltiges_Kaltgetränk.Wein
PL00911	Lauter-wasser	Lauterwasser	Substantiv	-	Kaiserslauterer Bier	Getränk.Kaltgetränk.Alkoholhaltiges_Kaltgetränk.Bier	Getränk.Kaltgetränk.Alkoholhaltiges_Kaltgetränk.Bier	Getränk.Kaltgetränk.Alkoholhaltiges_Kaltgetränk.Bier ; Getränk.Heißgetränk.Alkoholfreies_Heißgetränk ; Getränk.Kaltgetränk.Alkoholhaltiges_Kaltgetränk	Getränk.Kaltgetränk.Alkoholhaltiges_Kaltgetränk.Bier ; Getränk.Heißgetränk.Alkoholfreies_Heißgetränk ; Getränk.Kaltgetränk.Alkoholhaltiges_Kaltgetränk ; Getränk ; Getränk.Heißgetränk.Alkoholfreies_Heißgetränk.Kaffee
PL01110	leer-saufen	leersaufen	Verb	-	leersaufen	Trinken.Austrinken	Trinken.Austrinken	Trinken.Austrinken ; Trinken.Alkohol_trinken ; Trinken.Schnell_große_Mengen_trinken	Trinken.Austrinken ; Trinken.Alkohol_trinken ; Trinken.Schnell_große_Mengen_trinken ; Trinken.Langsam_kleine_Mengen_trinken ; Trinken
PL01112	leer-trinken	leertrinken	Verb	-	leertrinken	Trinken.Austrinken	Trinken.Austrinken	Trinken.Austrinken ; Trinken.Alkohol_trinken ; Trinken.Schnell_große_Mengen_trinken	Trinken.Austrinken ; Trinken.Alkohol_trinken ; Trinken.Schnell_große_Mengen_trinken ; Trinken ; Trinken.Langsam_kleine_Mengen_trinken
PL02673	Lutter	Lutter	Substantiv	-	Zwetschgen- oder Birnenschnaps, der zum zweitenmal gebrannt wurde	Getränk.Kaltgetränk.Alkoholhaltiges_Kaltgetränk.Spirituose	Getränk.Kaltgetränk.Alkoholhaltiges_Kaltgetränk.Spirituose	Getränk.Kaltgetränk.Alkoholhaltiges_Kaltgetränk.Spirituose ; Getränk.Heißgetränk.Alkoholhaltiges_Heißgetränk ; Getränk.Kaltgetränk.Alkoholfreies_Kaltgetränk.Softdrink	Getränk.Kaltgetränk.Alkoholhaltiges_Kaltgetränk.Spirituose ; Getränk.Heißgetränk.Alkoholhaltiges_Heißgetränk ; Getränk.Kaltgetränk.Alkoholfreies_Kaltgetränk.Softdrink ; Getränk.Heißgetränk.Alkoholfreies_Heißgetränk.Ersatzkaffee ; Getränk.Heißgetränk.Alkoholfreies_Heißgetränk.Kakao
PM00006	Mach-bach	Machbach	Substantiv	-	schlechter Wein	Getränk.Kaltgetränk.Alkoholhaltiges_Kaltgetränk.Wein	Getränk.Kaltgetränk.Alkoholhaltiges_Kaltgetränk.Wein	Getränk.Kaltgetränk.Alkoholhaltiges_Kaltgetränk.Wein ; Getränk.Heißgetränk.Alkoholfreies_Heißgetränk ; Getränk.Kaltgetränk.Alkoholhaltiges_Kaltgetränk.Bier	Getränk.Kaltgetränk.Alkoholhaltiges_Kaltgetränk.Wein ; Getränk.Heißgetränk.Alkoholfreies_Heißgetränk ; Getränk.Kaltgetränk.Alkoholhaltiges_Kaltgetränk.Bier ; Getränk ; Getränk.Kaltgetränk.Alkoholhaltiges_Kaltgetränk.Wein.Sekt
PM01010	Matte	Matte	Substantiv	2.2	Sauermilch	Getränk.Kaltgetränk.Alkoholfreies_Kaltgetränk.Kaltes_Milchgetränk	Getränk.Kaltgetränk.Alkoholfreies_Kaltgetränk.Kaltes_Milchgetränk	Getränk.Kaltgetränk.Alkoholfreies_Kaltgetränk.Kaltes_Milchgetränk ; Getränk.Kaltgetränk.Alkoholhaltiges_Kaltgetränk.Wein.Sekt ; Getränk.Kaltgetränk.Alkoholfreies_Kaltgetränk.Saft	Getränk.Kaltgetränk.Alkoholfreies_Kaltgetränk.Kaltes_Milchgetränk ; Getränk.Kaltgetränk.Alkoholhaltiges_Kaltgetränk.Wein.Sekt ; Getränk.Kaltgetränk.Alkoholfreies_Kaltgetränk.Saft ; Getränk.Heißgetränk.Alkoholfreies_Heißgetränk.Kakao ; Getränk.Kaltgetränk.Alkoholfreies_Kaltgetränk
PM03370	Musikanten-durst	Musikantendurst	Substantiv	-	großer Durst, wie er bei Musikanten üblich ist	Durst	Durst	Durst ; Getränk.Heißgetränk.Alkoholfreies_Heißgetränk.Kaffee ; Getränk.Heißgetränk.Alkoholfreies_Heißgetränk	Durst ; Getränk.Heißgetränk.Alkoholfreies_Heißgetränk.Kaffee ; Getränk.Heißgetränk.Alkoholfreies_Heißgetränk ; Getränk.Heißgetränk.Alkoholhaltiges_Heißgetränk ; Trinken
PN00295	nach-trinken	nachtrinken	Verb	-	(nach einem anderen) aus demselben Gefäß trinken	Trinken	Trinken	Trinken ; Trinken.Alkohol_trinken ; Trinken.Schnell_große_Mengen_trinken	Trinken ; Trinken.Alkohol_trinken ; Trinken.Schnell_große_Mengen_trinken ; Trinken.Geräuschvoll_trinken ; Trinken.Austrinken
PR00059	Rackel-gackel	Rackelgackel	Substantiv	-	schlechter, gepanschter Wein	Getränk.Kaltgetränk.Alkoholhaltiges_Kaltgetränk.Wein	Getränk.Kaltgetränk.Alkoholhaltiges_Kaltgetränk.Wein	Getränk.Kaltgetränk.Alkoholhaltiges_Kaltgetränk.Wein ; Getränk.Heißgetränk.Alkoholfreies_Heißgetränk ; Getränk.Kaltgetränk.Alkoholhaltiges_Kaltgetränk.Bier	Getränk.Kaltgetränk.Alkoholhaltiges_Kaltgetränk.Wein ; Getränk.Heißgetränk.Alkoholfreies_Heißgetränk ; Getränk.Kaltgetränk.Alkoholhaltiges_Kaltgetränk.Bier ; Getränk.Kaltgetränk.Alkoholhaltiges_Kaltgetränk.Wein.Sekt ; Getränk.Kaltgetränk.Alkoholfreies_Kaltgetränk
PR00571	Ratzen-butz	Ratzenbutz	Substantiv	-	starker Zwetschenschnaps	Getränk.Kaltgetränk.Alkoholhaltiges_Kaltgetränk.Spirituose	Getränk.Kaltgetränk.Alkoholhaltiges_Kaltgetränk.Spirituose	Getränk.Kaltgetränk.Alkoholhaltiges_Kaltgetränk.Spirituose ; Getränk.Heißgetränk.Alkoholhaltiges_Heißgetränk ; Getränk.Kaltgetränk.Alkoholfreies_Kaltgetränk.Softdrink	Getränk.Kaltgetränk.Alkoholhaltiges_Kaltgetränk.Spirituose ; Getränk.Heißgetränk.Alkoholhaltiges_Heißgetränk ; Getränk.Kaltgetränk.Alkoholfreies_Kaltgetränk.Softdrink ; Getränk.Heißgetränk.Alkoholfreies_Heißgetränk.Ersatzkaffee ; Getränk.Heißgetränk.Alkoholfreies_Heißgetränk.Kakao
PR01306	Reiß-mischung	Reißmischung	Substantiv	-	sehr saurer Wein	Getränk.Kaltgetränk.Alkoholhaltiges_Kaltgetränk.Wein	Getränk.Kaltgetränk.Alkoholhaltiges_Kaltgetränk.Wein	Getränk.Kaltgetränk.Alkoholhaltiges_Kaltgetränk.Wein ; Getränk.Heißgetränk.Alkoholfreies_Heißgetränk ; Getränk.Kaltgetränk.Alkoholhaltiges_Kaltgetränk.Wein.Sekt	Getränk.Kaltgetränk.Alkoholhaltiges_Kaltgetränk.Wein ; Getränk.Heißgetränk.Alkoholfreies_Heißgetränk ; Getränk.Kaltgetränk.Alkoholhaltiges_Kaltgetränk.Wein.Sekt ; Getränk.Kaltgetränk.Alkoholhaltiges_Kaltgetränk.Bier ; Getränk.Heißgetränk.Alkoholhaltiges_Heißgetränk
PS00823	Sauer-ampfel, -ampfer, -ämpferich	Sauerampfel, Sauerampfer, ämpferich	Substantiv	2	saurer, minderwertiger, schlechter Wein	Getränk.Kaltgetränk.Alkoholhaltiges_Kaltgetränk.Wein	Getränk.Kaltgetränk.Alkoholhaltiges_Kaltgetränk.Wein	Getränk.Kaltgetränk.Alkoholhaltiges_Kaltgetränk.Wein ; Getränk.Heißgetränk.Alkoholfreies_Heißgetränk ; Getränk	Getränk.Kaltgetränk.Alkoholhaltiges_Kaltgetränk.Wein ; Getränk.Heißgetränk.Alkoholfreies_Heißgetränk ; Getränk ; Getränk.Kaltgetränk.Alkoholhaltiges_Kaltgetränk.Bier ; Getränk.Kaltgetränk.Alkoholfreies_Kaltgetränk
PS00897	saufen	saufen	Verb	2a	im Übermaß Alkohol trinken, sich betrinken	Trinken.Alkohol_trinken	Trinken.Schnell_große_Mengen_trinken	Trinken.Schnell_große_Mengen_trinken ; Trinken.Alkohol_trinken ; Trinken	Trinken.Schnell_große_Mengen_trinken ; Trinken.Alkohol_trinken ; Trinken ; Trinken.Austrinken ; Trinken.Geräuschvoll_trinken
PS00946	Sauf-zeug	Saufzeug	Substantiv	-	Getränke	Getränk	Getränk	Getränk ; Getränk.Kaltgetränk.Alkoholhaltiges_Kaltgetränk ; Getränk.Kaltgetränk.Alkoholhaltiges_Kaltgetränk.Bier	Getränk ; Getränk.Kaltgetränk.Alkoholhaltiges_Kaltgetränk ; Getränk.Kaltgetränk.Alkoholhaltiges_Kaltgetränk.Bier ; Getränk.Kaltgetränk.Alkoholfreies_Kaltgetränk ; Getränk.Kaltgetränk.Alkoholfreies_Kaltgetränk.Softdrink
PS01118	Saurach	Saurach	Substantiv	2	saurer Wein	Getränk.Kaltgetränk.Alkoholhaltiges_Kaltgetränk.Wein	Getränk.Kaltgetränk.Alkoholhaltiges_Kaltgetränk.Wein	Getränk.Kaltgetränk.Alkoholhaltiges_Kaltgetränk.Wein ; Getränk.Heißgetränk.Alkoholfreies_Heißgetränk ; Getränk.Kaltgetränk.Alkoholhaltiges_Kaltgetränk.Wein.Sekt	Getränk.Kaltgetränk.Alkoholhaltiges_Kaltgetränk.Wein ; Getränk.Heißgetränk.Alkoholfreies_Heißgetränk ; Getränk.Kaltgetränk.Alkoholhaltiges_Kaltgetränk.Wein.Sekt ; Getränk.Kaltgetränk.Alkoholhaltiges_Kaltgetränk.Bier ; Getränk.Heißgetränk.Alkoholhaltiges_Heißgetränk
PS01637	Schamas	Schamas	Substantiv	2b	schlechter Wein	Getränk.Kaltgetränk.Alkoholhaltiges_Kaltgetränk.Wein	Getränk.Kaltgetränk.Alkoholhaltiges_Kaltgetränk.Wein	Getränk.Kaltgetränk.Alkoholhaltiges_Kaltgetränk.Wein ; Getränk.Heißgetränk.Alkoholfreies_Heißgetränk ; Getränk.Kaltgetränk.Alkoholhaltiges_Kaltgetränk.Bier	Getränk.Kaltgetränk.Alkoholhaltiges_Kaltgetränk.Wein ; Getränk.Heißgetränk.Alkoholfreies_Heißgetränk ; Getränk.Kaltgetränk.Alkoholhaltiges_Kaltgetränk.Bier ; Getränk ; Getränk.Kaltgetränk.Alkoholhaltiges_Kaltgetränk.Wein.Sekt
PS01666	Schampus	Schampus	Substantiv	-	Schaumwein	Getränk.Kaltgetränk.Alkoholhaltiges_Kaltgetränk.Wein.Sekt	Getränk.Kaltgetränk.Alkoholhaltiges_Kaltgetränk.Wein.Sekt	Getränk.Kaltgetränk.Alkoholhaltiges_Kaltgetränk.Wein.Sekt ; Getränk.Kaltgetränk.Alkoholhaltiges_Kaltgetränk.Wein ; Getränk.Heißgetränk.Alkoholhaltiges_Heißgetränk	Getränk.Kaltgetränk.Alkoholhaltiges_Kaltgetränk.Wein.Sekt ; Getränk.Kaltgetränk.Alkoholhaltiges_Kaltgetränk.Wein ; Getränk.Heißgetränk.Alkoholhaltiges_Heißgetränk ; Getränk.Kaltgetränk.Alkoholhaltiges_Kaltgetränk ; Getränk.Kaltgetränk.Alkoholfreies_Kaltgetränk.Wasser
PS03523	schluckern	schluckern	Verb	1	häufig, wiederholt trinken	Trinken	Trinken	Trinken ; Trinken.Schnell_große_Mengen_trinken ; Trinken.Alkohol_trinken	Trinken ; Trinken.Schnell_große_Mengen_trinken ; Trinken.Alkohol_trinken ; Trinken.Geräuschvoll_trinken ; Trinken.Langsam_kleine_Mengen_trinken
PS03591	schluppchen	schluppchen	Verb	x2	schluckweise trinken	Trinken.Langsam_kleine_Mengen_trinken	Trinken.Langsam_kleine_Mengen_trinken	Trinken.Langsam_kleine_Mengen_trinken ; Trinken.Geräuschvoll_trinken ; Trinken.Schnell_große_Mengen_trinken	Trinken.Langsam_kleine_Mengen_trinken ; Trinken.Geräuschvoll_trinken ; Trinken.Schnell_große_Mengen_trinken ; Trinken ; Trinken.Alkohol_trinken
PS03596	schlürfeln	schlürfeln	Verb	-	in kleinen Schlucken trinken, nippen	Trinken.Langsam_kleine_Mengen_trinken	Trinken.Langsam_kleine_Mengen_trinken	Trinken.Langsam_kleine_Mengen_trinken ; Trinken.Geräuschvoll_trinken ; Trinken.Schnell_große_Mengen_trinken	Trinken.Langsam_kleine_Mengen_trinken ; Trinken.Geräuschvoll_trinken ; Trinken.Schnell_große_Mengen_trinken ; Trinken.Alkohol_trinken ; Trinken
PS03852	schmettern	schmettern	Verb	2	trinken, einen heben	Trinken.Alkohol_trinken	Trinken.Alkohol_trinken	Trinken.Alkohol_trinken ; Trinken.Schnell_große_Mengen_trinken ; Trinken	Trinken.Alkohol_trinken ; Trinken.Schnell_große_Mengen_trinken ; Trinken ; Trinken.Austrinken ; Trinken.Geräuschvoll_trinken
PS04243	Schnaps	Schnaps	Substantiv	1	Getränk mit hohem Alkoholanteil	Getränk.Kaltgetränk.Alkoholhaltiges_Kaltgetränk.Spirituose	Getränk	Getränk ; Getränk.Kaltgetränk.Alkoholhaltiges_Kaltgetränk ; Getränk.Kaltgetränk.Alkoholhaltiges_Kaltgetränk.Spirituose	Getränk ; Getränk.Kaltgetränk.Alkoholhaltiges_Kaltgetränk ; Getränk.Kaltgetränk.Alkoholhaltiges_Kaltgetränk.Spirituose ; Getränk.Kaltgetränk.Alkoholhaltiges_Kaltgetränk.Bier ; Getränk.Kaltgetränk.Alkoholfreies_Kaltgetränk
PS04315	schnärren	schnärren	Verb	10	einen (Wein, Schnaps) trinken	Trinken.Alkohol_trinken	Trinken.Alkohol_trinken	Trinken.Alkohol_trinken ; Trinken.Schnell_große_Mengen_trinken ; Trinken	Trinken.Alkohol_trinken ; Trinken.Schnell_große_Mengen_trinken ; Trinken ; Trinken.Austrinken ; Trinken.Geräuschvoll_trinken
PS04881	schnurren	schnurren	Verb	6	einen trinken	Trinken.Alkohol_trinken	Trinken.Alkohol_trinken	Trinken.Alkohol_trinken ; Trinken.Schnell_große_Mengen_trinken ; Trinken	Trinken.Alkohol_trinken ; Trinken.Schnell_große_Mengen_trinken ; Trinken ; Trinken.Austrinken ; Trinken.Geräuschvoll_trinken
PS06158	schwappeln	schwappeln	Verb	2	viel Alkohol trinken	Trinken.Schnell_große_Mengen_trinken	Trinken.Schnell_große_Mengen_trinken	Trinken.Schnell_große_Mengen_trinken ; Trinken.Alkohol_trinken ; Trinken	Trinken.Schnell_große_Mengen_trinken ; Trinken.Alkohol_trinken ; Trinken ; Trinken.Austrinken ; Trinken.Geräuschvoll_trinken
PS08372	Spät-lese	Spätlese	Substantiv	2	Wein aus spät geernteten Trauben, Wein höherer Qualitätsstufe	Getränk.Kaltgetränk.Alkoholhaltiges_Kaltgetränk.Wein	Getränk.Kaltgetränk.Alkoholhaltiges_Kaltgetränk.Wein	Getränk.Kaltgetränk.Alkoholhaltiges_Kaltgetränk.Wein ; Getränk.Heißgetränk.Alkoholfreies_Heißgetränk ; Getränk.Kaltgetränk.Alkoholhaltiges_Kaltgetränk.Bier	Getränk.Kaltgetränk.Alkoholhaltiges_Kaltgetränk.Wein ; Getränk.Heißgetränk.Alkoholfreies_Heißgetränk ; Getränk.Kaltgetränk.Alkoholhaltiges_Kaltgetränk.Bier ; Getränk.Kaltgetränk.Alkoholfreies_Kaltgetränk ; Getränk.Kaltgetränk.Alkoholhaltiges_Kaltgetränk.Wein.Sekt
PS09049	Spitzbohnen-kaffee	Spitzbohnenkaffee	Substantiv	-	Kaffee-Ersatz aus Gerste, Roggen, Malz u.ä.	Getränk.Heißgetränk.Alkoholfreies_Heißgetränk.Ersatzkaffee	Getränk.Heißgetränk.Alkoholfreies_Heißgetränk.Ersatzkaffee	Getränk.Heißgetränk.Alkoholfreies_Heißgetränk.Ersatzkaffee ; Getränk.Heißgetränk.Alkoholhaltiges_Heißgetränk ; Getränk.Kaltgetränk.Alkoholfreies_Kaltgetränk	Getränk.Heißgetränk.Alkoholfreies_Heißgetränk.Ersatzkaffee ; Getränk.Heißgetränk.Alkoholhaltiges_Heißgetränk ; Getränk.Kaltgetränk.Alkoholfreies_Kaltgetränk ; Getränk.Heißgetränk.Alkoholfreies_Heißgetränk.Tee ; Getränk.Heißgetränk.Alkoholfreies_Heißgetränk.Kakao
PS12524	suffeln, süffeln	suffeln, süffeln	Verb	1c	heimlich trinken	Trinken.Alkohol_trinken	Trinken	Trinken ; Trinken.Schnell_große_Mengen_trinken ; Trinken.Alkohol_trinken	Trinken ; Trinken.Schnell_große_Mengen_trinken ; Trinken.Alkohol_trinken ; Trinken.Langsam_kleine_Mengen_trinken ; Trinken.Geräuschvoll_trinken
PS12524	suffeln, süffeln	suffeln, süffeln	Verb	1b	fortwährend übermäßig trinken	Trinken.Schnell_große_Mengen_trinken	Trinken.Schnell_große_Mengen_trinken	Trinken.Schnell_große_Mengen_trinken ; Trinken.Alkohol_trinken ; Trinken	Trinken.Schnell_große_Mengen_trinken ; Trinken.Alkohol_trinken ; Trinken ; Trinken.Geräuschvoll_trinken ; Trinken.Langsam_kleine_Mengen_trinken
PW01284	Wegerich-tee	Wegerichtee	Substantiv	-	Kräutertee aus Wegerichblättern	Getränk.Heißgetränk.Alkoholfreies_Heißgetränk.Tee	Getränk.Heißgetränk.Alkoholfreies_Heißgetränk.Tee	Getränk.Heißgetränk.Alkoholfreies_Heißgetränk.Tee ; Getränk.Heißgetränk.Alkoholhaltiges_Heißgetränk ; Getränk.Heißgetränk.Alkoholfreies_Heißgetränk.Ersatzkaffee	Getränk.Heißgetränk.Alkoholfreies_Heißgetränk.Tee ; Getränk.Heißgetränk.Alkoholhaltiges_Heißgetränk ; Getränk.Heißgetränk.Alkoholfreies_Heißgetränk.Ersatzkaffee ; Getränk.Kaltgetränk.Alkoholfreies_Kaltgetränk.Softdrink ; Getränk.Kaltgetränk.Alkoholfreies_Kaltgetränk
PZ00847	zipfeln	zipfeln	Verb	-	in kleinen Schlückchen trinken	Trinken.Langsam_kleine_Mengen_trinken	Trinken.Langsam_kleine_Mengen_trinken	Trinken.Langsam_kleine_Mengen_trinken ; Trinken.Geräuschvoll_trinken ; Trinken.Schnell_große_Mengen_trinken	Trinken.Langsam_kleine_Mengen_trinken ; Trinken.Geräuschvoll_trinken ; Trinken.Schnell_große_Mengen_trinken ; Trinken ; Trinken.Alkohol_trinken
PZ01038	zu-bringen	zubringen	Verb	3	zutrinken, zuprosten	Trinken	Trinken	Trinken ; Trinken.Alkohol_trinken ; Trinken.Schnell_große_Mengen_trinken	Trinken ; Trinken.Alkohol_trinken ; Trinken.Schnell_große_Mengen_trinken ; Trinken.Geräuschvoll_trinken ; Durst
LD01151	Durscht	Durscht	Substantiv		Durst	Durst	Durst	Durst ; Getränk.Heißgetränk.Alkoholfreies_Heißgetränk.Kaffee ; Trinken	Durst ; Getränk.Heißgetränk.Alkoholfreies_Heißgetränk.Kaffee ; Trinken ; Getränk.Heißgetränk.Alkoholhaltiges_Heißgetränk ; Getränk
LO00248	Owes-dronk	Owesdronk	Substantiv		Abendtrunk	Getränk	Getränk.Kaltgetränk.Alkoholhaltiges_Kaltgetränk	Getränk.Kaltgetränk.Alkoholhaltiges_Kaltgetränk ; Getränk.Kaltgetränk.Alkoholfreies_Kaltgetränk.Wasser ; Getränk	Getränk.Kaltgetränk.Alkoholhaltiges_Kaltgetränk ; Getränk.Kaltgetränk.Alkoholfreies_Kaltgetränk.Wasser ; Getränk ; Getränk.Kaltgetränk.Alkoholfreies_Kaltgetränk.Softdrink ; Getränk.Kaltgetränk.Alkoholhaltiges_Kaltgetränk.Wein.Sekt
LR00660	Runding	Runding	Substantiv		Runde	Getränk	Getränk	Getränk ; Getränk.Kaltgetränk.Alkoholhaltiges_Kaltgetränk ; Getränk.Kaltgetränk.Alkoholhaltiges_Kaltgetränk.Bier	Getränk ; Getränk.Kaltgetränk.Alkoholhaltiges_Kaltgetränk ; Getränk.Kaltgetränk.Alkoholhaltiges_Kaltgetränk.Bier ; Getränk.Heißgetränk.Alkoholfreies_Heißgetränk.Kaffee ; Getränk.Kaltgetränk.Alkoholfreies_Kaltgetränk
LW00439	Winkof	Winkof	Substantiv	1.	Trunk zur Bestätigung eines geschlossenen Kaufes od. Vertrags	Getränk	Getränk	Getränk ; Getränk.Kaltgetränk.Alkoholfreies_Kaltgetränk ; Getränk.Heißgetränk.Alkoholfreies_Heißgetränk.Kaffee	Getränk ; Getränk.Kaltgetränk.Alkoholfreies_Kaltgetränk ; Getränk.Heißgetränk.Alkoholfreies_Heißgetränk.Kaffee ; Getränk.Kaltgetränk.Alkoholhaltiges_Kaltgetränk ; Getränk.Heißgetränk.Alkoholfreies_Heißgetränk
LS02444	Suff	Suff	Substantiv		steifer Trank für Rindvieh u. Schweine; Küchenwasser zum Tränken des Viehs	Getränk	Getränk	Getränk ; Getränk.Kaltgetränk.Alkoholfreies_Kaltgetränk.Wasser ; Getränk.Kaltgetränk.Alkoholhaltiges_Kaltgetränk	Getränk ; Getränk.Kaltgetränk.Alkoholfreies_Kaltgetränk.Wasser ; Getränk.Kaltgetränk.Alkoholhaltiges_Kaltgetränk ; Getränk.Kaltgetränk.Alkoholfreies_Kaltgetränk.Softdrink ; Getränk.Kaltgetränk.Alkoholhaltiges_Kaltgetränk.Wein.Sekt
LB00183	Bäre-dreck	Bäredreck	Substantiv		Süßholzsaft	Getränk.Kaltgetränk.Alkoholfreies_Kaltgetränk.Saft	Getränk.Kaltgetränk.Alkoholfreies_Kaltgetränk.Saft	Getränk.Kaltgetränk.Alkoholfreies_Kaltgetränk.Saft ; Getränk.Kaltgetränk.Alkoholfreies_Kaltgetränk.Softdrink ; Getränk.Kaltgetränk.Alkoholfreies_Kaltgetränk	Getränk.Kaltgetränk.Alkoholfreies_Kaltgetränk.Saft ; Getränk.Kaltgetränk.Alkoholfreies_Kaltgetränk.Softdrink ; Getränk.Kaltgetränk.Alkoholfreies_Kaltgetränk ; Getränk.Heißgetränk.Alkoholfreies_Heißgetränk.Kakao ; Getränk.Heißgetränk.Alkoholhaltiges_Heißgetränk
LS01563	Sirop	Sirop	Substantiv		Sirup	Getränk.Kaltgetränk.Alkoholfreies_Kaltgetränk.Softdrink	Getränk.Kaltgetränk.Alkoholfreies_Kaltgetränk.Softdrink	Getränk.Kaltgetränk.Alkoholfreies_Kaltgetränk.Softdrink ; Getränk.Kaltgetränk.Alkoholhaltiges_Kaltgetränk.Spirituose ; Getränk.Heißgetränk.Alkoholfreies_Heißgetränk.Kakao	Getränk.Kaltgetränk.Alkoholfreies_Kaltgetränk.Softdrink ; Getränk.Kaltgetränk.Alkoholhaltiges_Kaltgetränk.Spirituose ; Getränk.Heißgetränk.Alkoholfreies_Heißgetränk.Kakao ; Getränk.Heißgetränk.Alkoholhaltiges_Heißgetränk ; Getränk.Heißgetränk.Alkoholfreies_Heißgetränk.Tee
LK01505	Kwetschwasser	Kwetschwasser	Substantiv		Zwetschenbranntwein	Getränk.Kaltgetränk.Alkoholhaltiges_Kaltgetränk.Spirituose	Getränk.Kaltgetränk.Alkoholhaltiges_Kaltgetränk.Spirituose	Getränk.Kaltgetränk.Alkoholhaltiges_Kaltgetränk.Spirituose ; Getränk.Heißgetränk.Alkoholhaltiges_Heißgetränk ; Getränk.Kaltgetränk.Alkoholfreies_Kaltgetränk.Softdrink	Getränk.Kaltgetränk.Alkoholhaltiges_Kaltgetränk.Spirituose ; Getränk.Heißgetränk.Alkoholhaltiges_Heißgetränk ; Getränk.Kaltgetränk.Alkoholfreies_Kaltgetränk.Softdrink ; Getränk.Kaltgetränk.Alkoholhaltiges_Kaltgetränk ; Getränk.Heißgetränk.Alkoholfreies_Heißgetränk.Ersatzkaffee
LW00407	Win	Win	Substantiv		Wein	Getränk.Kaltgetränk.Alkoholhaltiges_Kaltgetränk.Wein	Getränk.Kaltgetränk.Alkoholhaltiges_Kaltgetränk.Wein	Getränk.Kaltgetränk.Alkoholhaltiges_Kaltgetränk.Wein ; Getränk.Heißgetränk.Alkoholfreies_Heißgetränk ; Getränk.Kaltgetränk.Alkoholhaltiges_Kaltgetränk.Wein.Sekt	Getränk.Kaltgetränk.Alkoholhaltiges_Kaltgetränk.Wein ; Getränk.Heißgetränk.Alkoholfreies_Heißgetränk ; Getränk.Kaltgetränk.Alkoholhaltiges_Kaltgetränk.Wein.Sekt ; Getränk.Kaltgetränk.Alkoholhaltiges_Kaltgetränk.Bier ; Getränk
LS02448	suffen	suffen	Verb		saufen	Trinken.Alkohol_trinken	Trinken.Alkohol_trinken	Trinken.Alkohol_trinken ; Trinken ; Trinken.Schnell_große_Mengen_trinken	Trinken.Alkohol_trinken ; Trinken ; Trinken.Schnell_große_Mengen_trinken ; Trinken.Austrinken ; Trinken.Langsam_kleine_Mengen_trinken
LG00627	Ge-seffs	Geseffs	Substantiv		Gesöffe, Säuferei, unmäßiges Trinken	Trinken.Alkohol_trinken	Trinken.Schnell_große_Mengen_trinken	Trinken.Schnell_große_Mengen_trinken ; Trinken.Alkohol_trinken ; Trinken	Trinken.Schnell_große_Mengen_trinken ; Trinken.Alkohol_trinken ; Trinken ; Trinken.Geräuschvoll_trinken ; Trinken.Austrinken
LG00627	Ge-seffs	Geseffs	Substantiv		Gesöffe, Säuferei, unmäßiges Trinken	Trinken.Schnell_große_Mengen_trinken	Trinken.Schnell_große_Mengen_trinken	Trinken.Schnell_große_Mengen_trinken ; Trinken.Alkohol_trinken ; Trinken	Trinken.Schnell_große_Mengen_trinken ; Trinken.Alkohol_trinken ; Trinken ; Trinken.Geräuschvoll_trinken ; Trinken.Austrinken
LS00772	schlotzen	schlotzen	Verb	1.	schlürfen, mit Wohlbehagen trinken, schmatzen	Trinken.Geräuschvoll_trinken	Trinken.Geräuschvoll_trinken	Trinken.Geräuschvoll_trinken ; Trinken.Langsam_kleine_Mengen_trinken ; Trinken	Trinken.Geräuschvoll_trinken ; Trinken.Langsam_kleine_Mengen_trinken ; Trinken ; Trinken.Alkohol_trinken ; Trinken.Schnell_große_Mengen_trinken
EP03252	Plämpel, Bämpel	Plämpel, Bämpel	Substantiv	2.	träger, langsamer Mensch; schlechtes Getränk, insbes. dünner schwappelnder Kaffee	Getränk	Getränk.Heißgetränk.Alkoholfreies_Heißgetränk	Getränk.Heißgetränk.Alkoholfreies_Heißgetränk ; Getränk.Heißgetränk.Alkoholfreies_Heißgetränk.Kaffee ; Getränk	Getränk.Heißgetränk.Alkoholfreies_Heißgetränk ; Getränk.Heißgetränk.Alkoholfreies_Heißgetränk.Kaffee ; Getränk ; Getränk.Kaltgetränk.Alkoholfreies_Kaltgetränk ; Getränk.Heißgetränk.Alkoholfreies_Heißgetränk.Ersatzkaffee
EW01183	Seckelwasser	Seckelwasser	Substantiv		schlechtes Getränk, Wein und Bier	Getränk.Kaltgetränk.Alkoholhaltiges_Kaltgetränk.Wein	Getränk.Kaltgetränk.Alkoholhaltiges_Kaltgetränk.Bier	Getränk.Kaltgetränk.Alkoholhaltiges_Kaltgetränk.Bier ; Getränk.Heißgetränk.Alkoholfreies_Heißgetränk ; Getränk	Getränk.Kaltgetränk.Alkoholhaltiges_Kaltgetränk.Bier ; Getränk.Heißgetränk.Alkoholfreies_Heißgetränk ; Getränk ; Getränk.Kaltgetränk.Alkoholhaltiges_Kaltgetränk ; Getränk.Kaltgetränk.Alkoholfreies_Kaltgetränk
ET02166	Schlaftrunk	Schlaftrunk	Substantiv		urspr. Trunk, der dem Gaste dargereicht wurde, wenn er sich schon zu Bett begeben hatte; später Trinkgelage, das sich an die Abendmahlzeit anschloss.	Trinken	Getränk	Getränk ; Getränk.Kaltgetränk.Alkoholfreies_Kaltgetränk ; Getränk.Kaltgetränk.Alkoholhaltiges_Kaltgetränk	Getränk ; Getränk.Kaltgetränk.Alkoholfreies_Kaltgetränk ; Getränk.Kaltgetränk.Alkoholhaltiges_Kaltgetränk ; Getränk.Heißgetränk.Alkoholfreies_Heißgetränk ; Getränk.Heißgetränk.Alkoholfreies_Heißgetränk.Kaffee
EL01180	Lappenlur(e), Lappenlür	Lappenlure, Lappenlur, Lappenlür	Substantiv	1.	schwacher, saurer, matter, verwässerter Wein oder Kaffee	Getränk.Heißgetränk.Alkoholfreies_Heißgetränk.Kaffee	Getränk.Heißgetränk.Alkoholfreies_Heißgetränk	Getränk.Heißgetränk.Alkoholfreies_Heißgetränk ; Getränk.Kaltgetränk.Alkoholhaltiges_Kaltgetränk.Wein ; Getränk.Heißgetränk.Alkoholfreies_Heißgetränk.Kaffee	Getränk.Heißgetränk.Alkoholfreies_Heißgetränk ; Getränk.Kaltgetränk.Alkoholhaltiges_Kaltgetränk.Wein ; Getränk.Heißgetränk.Alkoholfreies_Heißgetränk.Kaffee ; Getränk.Kaltgetränk.Alkoholfreies_Kaltgetränk ; Getränk.Heißgetränk.Alkoholhaltiges_Heißgetränk
ET00025	Brusttee	Brusttee	Substantiv	1.	Brusttee	Getränk.Heißgetränk.Alkoholfreies_Heißgetränk.Tee	Getränk.Heißgetränk.Alkoholfreies_Heißgetränk.Tee	Getränk.Heißgetränk.Alkoholfreies_Heißgetränk.Tee ; Getränk.Heißgetränk.Alkoholhaltiges_Heißgetränk ; Getränk.Heißgetränk.Alkoholfreies_Heißgetränk.Ersatzkaffee	Getränk.Heißgetränk.Alkoholfreies_Heißgetränk.Tee ; Getränk.Heißgetränk.Alkoholhaltiges_Heißgetränk ; Getränk.Heißgetränk.Alkoholfreies_Heißgetränk.Ersatzkaffee ; Getränk.Kaltgetränk.Alkoholfreies_Kaltgetränk.Softdrink ; Getränk.Kaltgetränk.Alkoholfreies_Kaltgetränk
EM00577	Surmilch	Surmilch	Substantiv		Sauermilch, Dickmilch, gestockte Milch; wird häufig abends mit Kartoffeln gegessen; auch zu Suppen verwendet	Getränk.Kaltgetränk.Alkoholfreies_Kaltgetränk.Kaltes_Milchgetränk	Getränk.Kaltgetränk.Alkoholfreies_Kaltgetränk.Kaltes_Milchgetränk	Getränk.Kaltgetränk.Alkoholfreies_Kaltgetränk.Kaltes_Milchgetränk ; Getränk.Heißgetränk.Alkoholfreies_Heißgetränk ; Getränk.Kaltgetränk.Alkoholfreies_Kaltgetränk	Getränk.Kaltgetränk.Alkoholfreies_Kaltgetränk.Kaltes_Milchgetränk ; Getränk.Heißgetränk.Alkoholfreies_Heißgetränk ; Getränk.Kaltgetränk.Alkoholfreies_Kaltgetränk ; Getränk.Heißgetränk.Alkoholfreies_Heißgetränk.Kakao ; Getränk.Heißgetränk.Alkoholfreies_Heißgetränk.Kaffee
EL01179	Lur(e), Lür	Lure, Lur, Lür	Substantiv	3.	schlechter Schnaps	Getränk.Kaltgetränk.Alkoholhaltiges_Kaltgetränk.Spirituose	Getränk.Kaltgetränk.Alkoholhaltiges_Kaltgetränk.Spirituose	Getränk.Kaltgetränk.Alkoholhaltiges_Kaltgetränk.Spirituose ; Getränk.Heißgetränk.Alkoholhaltiges_Heißgetränk ; Getränk.Kaltgetränk.Alkoholhaltiges_Kaltgetränk	Getränk.Kaltgetränk.Alkoholhaltiges_Kaltgetränk.Spirituose ; Getränk.Heißgetränk.Alkoholhaltiges_Heißgetränk ; Getränk.Kaltgetränk.Alkoholhaltiges_Kaltgetränk ; Getränk ; Getränk.Kaltgetränk.Alkoholhaltiges_Kaltgetränk.Wein
EP02080	Position	Position	Substantiv	2.	ein gewöhnliches Trinkglas voll Schnaps	Getränk.Kaltgetränk.Alkoholhaltiges_Kaltgetränk.Spirituose	Getränk.Kaltgetränk.Alkoholhaltiges_Kaltgetränk.Spirituose	Getränk.Kaltgetränk.Alkoholhaltiges_Kaltgetränk.Spirituose ; Getränk ; Trinken.Alkohol_trinken	Getränk.Kaltgetränk.Alkoholhaltiges_Kaltgetränk.Spirituose ; Getränk ; Trinken.Alkohol_trinken ; Getränk.Kaltgetränk.Alkoholhaltiges_Kaltgetränk ; Trinken.Schnell_große_Mengen_trinken
EP02310	Petrol	Petrol	Substantiv	2.	Fusel, gemeiner Schnaps	Getränk.Kaltgetränk.Alkoholhaltiges_Kaltgetränk.Spirituose	Getränk.Kaltgetränk.Alkoholhaltiges_Kaltgetränk.Spirituose	Getränk.Kaltgetränk.Alkoholhaltiges_Kaltgetränk.Spirituose ; Getränk.Heißgetränk.Alkoholhaltiges_Heißgetränk ; Getränk	Getränk.Kaltgetränk.Alkoholhaltiges_Kaltgetränk.Spirituose ; Getränk.Heißgetränk.Alkoholhaltiges_Heißgetränk ; Getränk ; Getränk.Kaltgetränk.Alkoholhaltiges_Kaltgetränk ; Getränk.Kaltgetränk.Alkoholhaltiges_Kaltgetränk.Wein
EW00682	Dreimännerwin	Dreimännerwin	Substantiv		Wein, der so sauer ist, dass drei Männer den Trinkenden festhalten müssen (sonst würde er  sich weigern, ihn zu nehmen)	Getränk.Kaltgetränk.Alkoholhaltiges_Kaltgetränk.Wein	Getränk.Kaltgetränk.Alkoholhaltiges_Kaltgetränk.Wein	Getränk.Kaltgetränk.Alkoholhaltiges_Kaltgetränk.Wein ; Getränk.Heißgetränk.Alkoholfreies_Heißgetränk ; Trinken.Alkohol_trinken	Getränk.Kaltgetränk.Alkoholhaltiges_Kaltgetränk.Wein ; Getränk.Heißgetränk.Alkoholfreies_Heißgetränk ; Trinken.Alkohol_trinken ; Getränk ; Getränk.Kaltgetränk.Alkoholhaltiges_Kaltgetränk.Bier
EP00429	packen	packen	Verb	5.	trinken	Trinken	Trinken	Trinken ; Trinken.Alkohol_trinken ; Trinken.Schnell_große_Mengen_trinken	Trinken ; Trinken.Alkohol_trinken ; Trinken.Schnell_große_Mengen_trinken ; Trinken.Austrinken ; Trinken.Geräuschvoll_trinken
ES02451	dran schütten	dran schütten	Verb		trinken	Trinken	Trinken	Trinken ; Trinken.Alkohol_trinken ; Trinken.Schnell_große_Mengen_trinken	Trinken ; Trinken.Alkohol_trinken ; Trinken.Schnell_große_Mengen_trinken ; Trinken.Austrinken ; Trinken.Geräuschvoll_trinken
ES02583	schleifen, schleipfen	schleifen, schleipfen	Verb	5.	trinken	Trinken	Trinken	Trinken ; Trinken.Alkohol_trinken ; Trinken.Schnell_große_Mengen_trinken	Trinken ; Trinken.Alkohol_trinken ; Trinken.Schnell_große_Mengen_trinken ; Trinken.Austrinken ; Trinken.Geräuschvoll_trinken
EZ00453	zäpfen	zäpfen	Substantiv	2.	(ein Fass) anstechen; vom Fass trinken; trinken überhaupt	Trinken.Alkohol_trinken	Trinken	Trinken ; Trinken.Alkohol_trinken ; Trinken.Schnell_große_Mengen_trinken	Trinken ; Trinken.Alkohol_trinken ; Trinken.Schnell_große_Mengen_trinken ; Trinken.Austrinken ; Trinken.Geräuschvoll_trinken
ES00291	Sufens, Saufens	Sufens, Saufens	Substantiv	1.	Zecherei	Trinken.Alkohol_trinken	Trinken.Alkohol_trinken	Trinken.Alkohol_trinken ; Getränk.Kaltgetränk.Alkoholhaltiges_Kaltgetränk ; Getränk	Trinken.Alkohol_trinken ; Getränk.Kaltgetränk.Alkoholhaltiges_Kaltgetränk ; Getränk ; Trinken ; Trinken.Schnell_große_Mengen_trinken
ES00301	Suferei	Suferei	Substantiv	1.	Trinklust, Trinkerei	Trinken.Alkohol_trinken	Trinken.Alkohol_trinken	Trinken.Alkohol_trinken ; Trinken.Schnell_große_Mengen_trinken ; Trinken	Trinken.Alkohol_trinken ; Trinken.Schnell_große_Mengen_trinken ; Trinken ; Durst ; Getränk
EP03369	us blasen	us blasen	Verb	2.	austrinken	Trinken.Alkohol_trinken	Trinken.Austrinken	Trinken.Austrinken ; Trinken.Alkohol_trinken ; Trinken.Schnell_große_Mengen_trinken	Trinken.Austrinken ; Trinken.Alkohol_trinken ; Trinken.Schnell_große_Mengen_trinken ; Trinken ; Trinken.Langsam_kleine_Mengen_trinken
EL01063	läpperen	läpperen	Verb	1.	schlürfen, schlappern (von Hunden); langsam und behaglich, langsam trinken	Trinken.Geräuschvoll_trinken	Trinken.Langsam_kleine_Mengen_trinken	Trinken.Langsam_kleine_Mengen_trinken ; Trinken.Geräuschvoll_trinken ; Trinken.Schnell_große_Mengen_trinken	Trinken.Langsam_kleine_Mengen_trinken ; Trinken.Geräuschvoll_trinken ; Trinken.Schnell_große_Mengen_trinken ; Trinken.Alkohol_trinken ; Trinken
ES03013	schletzen	schletzen	Verb	2.	gierig, essen oder trinken	Trinken.Schnell_große_Mengen_trinken	Trinken.Schnell_große_Mengen_trinken	Trinken.Schnell_große_Mengen_trinken ; Trinken.Alkohol_trinken ; Trinken	Trinken.Schnell_große_Mengen_trinken ; Trinken.Alkohol_trinken ; Trinken ; Trinken.Langsam_kleine_Mengen_trinken ; Trinken.Geräuschvoll_trinken
EZ00154	ziehe(n), ziegen	ziehen, ziehe, ziegen	Verb	2.	gierig trinken	Trinken.Schnell_große_Mengen_trinken	Trinken.Schnell_große_Mengen_trinken	Trinken.Schnell_große_Mengen_trinken ; Trinken.Alkohol_trinken ; Trinken	Trinken.Schnell_große_Mengen_trinken ; Trinken.Alkohol_trinken ; Trinken ; Trinken.Langsam_kleine_Mengen_trinken ; Trinken.Geräuschvoll_trinken
