Konzept	Begriff	Begriffsvarianten	Quelle	Referenz	Wikidata_exact	Wikidata-Label	Wikidata_close	Label
Durst	ausgetrocknet sein		OT	https://www.openthesaurus.de/synonyme/ausgetrocknet%20sein				
Durst	Bedürfnis zu trinken		chatgpt-4o-latest-20241120					
Durst	Begierde nach Flüssigkeit		chatgpt-4o-latest-20241120					
Durst	Brand		OT	https://www.openthesaurus.de/synonyme/Brand				
Durst	Drang zu trinken		chatgpt-4o-latest-20241120					
Durst	Durst		OT	https://www.openthesaurus.de/synonyme/Durst	https://www.wikidata.org/wiki/Q474187	Durst		
Durst	Durst empfinden		amazon-nova-pro-v1.0					
Durst	Durst haben		OT	https://www.openthesaurus.de/synonyme/Durst%20haben				
Durst	Durst leiden		OT	https://www.openthesaurus.de/synonyme/Durst%20leiden				
Durst	Durst verspüren		amazon-nova-pro-v1.0					
Durst	Durstempfinden		claude-3-5-sonnet-20241022					
Durst	dürsten	dursten	AK; D1; WE12					
Durst	dürstend		claude-3-5-sonnet-20241022					
Durst	Durstgefühl		D9; Wikidata 					
Durst	Durstgefühl haben		amazon-nova-pro-v1.0 					
Durst	durstig		D1; D9					
Durst	durstig sein		OT	https://www.openthesaurus.de/synonyme/durstig%20sein				
Durst	Dürstigkeit		chatgpt-4o-latest-20241120					
Durst	durstleidend		chatgpt-4o-latest-20241120					
Durst	etwas trinken möchten		OT	https://www.openthesaurus.de/synonyme/etwas%20trinken%20m%C3%B6chten				
Durst	Flüssigkeitsbedarf		chatgpt-4o-latest-20241120					
Durst	Flüssigkeitsdrang		chatgpt-4o-latest-20241120					
Durst	Flüssigkeitsverlangen		chatgpt-4o-latest-20241120					
Durst	Heißdurst		OT	https://www.openthesaurus.de/synonyme/Hei%C3%9Fdurst				
Durst	Kehle ist wie ausgedörrt	jemandes Kehle ist wie ausgedörrt	OT	https://www.openthesaurus.de/synonyme/%28jemandes%29%20Kehle%20ist%20wie%20ausged%C3%B6rrt				
Durst	lechzen		D1; D9					
Durst	lechzend		claude-3-5-sonnet-20241022					
Durst	Nachdurst		OT	https://www.openthesaurus.de/synonyme/Nachdurst	https://www.wikidata.org/wiki/Q15836176	Nachdurst		
Durst	Trinkbedarf		chatgpt-4o-latest-20241120					
Durst	Trinkbedürfnis		chatgpt-4o-latest-20241120					
Durst	trinkgierig		Sanders					
Durst	Trinkverlangen		chatgpt-4o-latest-20241120					
Durst	Verlangen nach Flüssigkeit		chatgpt-4o-latest-20241120					
Durst	Verlangen nach Trinken		chatgpt-4o-latest-20241120					
Durst	Verlangen zu trinken		OT	https://www.openthesaurus.de/synonyme/Verlangen%20zu%20trinken				
Trinken	abtrinken		GermaNet					
Trinken	aufsaugen		OT					
Trinken	den Durst löschen		D9					
Trinken	die Kehle anfeuchten		Sanders					
Trinken	die Kehle befeuchten		Sanders					
Trinken	die Kehle benetzen		Sanders					
Trinken	die Kehle herunterlaufen lassen		OT	https://www.openthesaurus.de/synonyme/trinken				
Trinken	die Kehle schmieren		Sanders					
Trinken	Durst löschen	seinen Durst löschen	OT	https://www.openthesaurus.de/synonyme/%28seinen%29%20Durst%20l%C3%B6schen				
Trinken	Durst stillen	seinen Durst stillen; den Durst stillen	OT	https://www.openthesaurus.de/synonyme/%28seinen%29%20Durst%20stillen				
Trinken	einsaugen		OT					
Trinken	Flüssigkeit aufnehmen		OT	https://www.openthesaurus.de/synonyme/trinken				
Trinken	nuckeln		OT; Sanders	https://www.openthesaurus.de/synonyme/nuckeln				
Trinken	saugen		OT; D1; GermaNet	https://www.openthesaurus.de/synonyme/saugen				
Trinken	schlucken		D9; Sanders					
Trinken	suckeln		OT	https://www.openthesaurus.de/synonyme/suckeln				
Trinken	trinken		OT	https://www.openthesaurus.de/synonyme/trinken				
Trinken	ziehen		OT	https://www.openthesaurus.de/synonyme/ziehen				
Langsam_kleine_Mengen_trinken	einen Schluck nehmen		gemini-2.0-flash-thinking-exp-1219					
Langsam_kleine_Mengen_trinken	in kleinen Schlucken trinken 		OT	https://www.openthesaurus.de/synonyme/in%20kleinen%20Schlucken%20trinken				
Langsam_kleine_Mengen_trinken	nippen	nippen an	OT	https://www.openthesaurus.de/synonyme/nippen+%28an%29				
Langsam_kleine_Mengen_trinken	Schlückchen nehmen 	ein Schlückchen nehmen 	OT	https://www.openthesaurus.de/synonyme/%28ein%29%20Schl%C3%BCckchen%20nehmen				
Langsam_kleine_Mengen_trinken	Schlückchen trinken		chatgpt-4o-latest-20241120					
Langsam_kleine_Mengen_trinken	schlückchenweise trinken		OT	https://www.openthesaurus.de/synonyme/schl%C3%BCckchenweise%20trinken				
Austrinken	auslutschen		OT	https://www.openthesaurus.de/synonyme/auslutschen				
Austrinken	aussaugen		OT	https://www.openthesaurus.de/synonyme/aussaugen				
Austrinken	austrinken		OT	https://www.openthesaurus.de/synonyme/austrinken				
Austrinken	entleeren		gemini-2.0-flash-thinking-exp-1219					
Austrinken	exen		chatgpt-4o-latest-20241120					
Austrinken	leer trinken	leertrinken	OT; GermaNet	https://www.openthesaurus.de/synonyme/leer%20trinken; https://www.openthesaurus.de/synonyme/leertrinken 				
Austrinken	leeren		chatgpt-4o-latest-20241120; LWP					
Austrinken	wegtrinken		gemini-2.0-flash-thinking-exp-1219; GermaNet					
Schnell_große_Mengen_trinken	gierig aufsaugen		OT	https://www.openthesaurus.de/synonyme/gierig%20%28ein-___auf-%29saugen				
Schnell_große_Mengen_trinken	gierig einsaugen		OT	https://www.openthesaurus.de/synonyme/gierig%20%28ein-___auf-%29saugen				
Schnell_große_Mengen_trinken	heruntergießen	runtergießen	Sanders; GermaNet 					
Schnell_große_Mengen_trinken	herunterschütten	runterschütten	Sanders					
Schnell_große_Mengen_trinken	herunterspülen	runterspülen	GermaNet					
Schnell_große_Mengen_trinken	herunterstürzen	runterstürzen	Sanders					
Schnell_große_Mengen_trinken	hinabschütten		chatgpt-4o-latest-20241120					
Schnell_große_Mengen_trinken	hinabstürzen		GermaNet					
Schnell_große_Mengen_trinken	hineinkippen		GermaNet					
Schnell_große_Mengen_trinken	hineinschütten		GermaNet					
Schnell_große_Mengen_trinken	hinunterkippen		claude-3-5-sonnet-20241022; GermaNet					
Schnell_große_Mengen_trinken	hinunterspülen		LWP; GermaNet					
Schnell_große_Mengen_trinken	hinunterstürzen		D1; D9; LWP					
Schnell_große_Mengen_trinken	kippen1		GermaNet					
Schnell_große_Mengen_trinken	reinkippen		GermaNet					
Schnell_große_Mengen_trinken	reinschütten		GermaNet					
Schnell_große_Mengen_trinken	herunterkippen	runterkippen	gemini-2.0-flash-thinking-exp-1219; GermaNet					
Schnell_große_Mengen_trinken	wegkippen		gemini-2.0-flash-thinking-exp-1219					
Geräuschvoll_trinken	geräuschvoll trinken		OT	https://www.openthesaurus.de/synonyme/ger%C3%A4uschvoll%20trinken				
Geräuschvoll_trinken	schlappen		D1					
Geräuschvoll_trinken	schlürfen	schlurfen	OT; GermaNet	https://www.openthesaurus.de/synonyme/schl%C3%BCrfen				
Alkohol_trinken	Alkohol konsumieren		chatgpt-4o-latest-20241120					
Alkohol_trinken	Alkohol trinken		OT	https://www.openthesaurus.de/synonyme/Alkohol+trinken; https://www.openthesaurus.de/synonyme/%28viel%20Alkohol%29%20trinken 				
Alkohol_trinken	antrinken		GermaNet					
Alkohol_trinken	bechern		OT; GermaNet	https://www.openthesaurus.de/synonyme/bechern				
Alkohol_trinken	begießen		D9					
Alkohol_trinken	berauschen		LWP					
Alkohol_trinken	bürsten		D1; D9					
Alkohol_trinken	durch die Gurgel jagen		D1					
Alkohol_trinken	eine Flasche auspicheln		D1					
Alkohol_trinken	eine Flasche den Hals brechen		D1					
Alkohol_trinken	einen heben		OT	https://www.openthesaurus.de/synonyme/einen%20heben				
Alkohol_trinken	einen über den Durst trinken		OT	https://www.openthesaurus.de/synonyme/einen%20%C3%BCber%20den%20Durst%20trinken				
Alkohol_trinken	einen verlöten		OT	https://www.openthesaurus.de/synonyme/einen%20verl%C3%B6ten				
Alkohol_trinken	einen zu Gemüte führen		D1					
Alkohol_trinken	einheizen		D9					
Alkohol_trinken	genehmigen		D9					
Alkohol_trinken	in die Kanne steigen		D1					
Alkohol_trinken	ins Glas schauen		OT	https://www.openthesaurus.de/synonyme/ins%20Glas%20schauen				
Alkohol_trinken	kippen2		D1					
Alkohol_trinken	kneipen		D1					
Alkohol_trinken	kübeln		LWP					
Alkohol_trinken	kümmeln		D1; GermaNet					
Alkohol_trinken	nehmen		D9					
Alkohol_trinken	pfeifen		D1					
Alkohol_trinken	picheln		D1					
Alkohol_trinken	plätschern		D9					
Alkohol_trinken	pokulieren		Sanders					
Alkohol_trinken	pullen		D1					
Alkohol_trinken	Salamander reiben		D1		https://www.wikidata.org/wiki/Q2213836	Salamander		
Alkohol_trinken	saufen		OT	https://www.openthesaurus.de/synonyme/saufen				
Alkohol_trinken	säuseln		Sanders					
Alkohol_trinken	schlauchen		GermaNet					
Alkohol_trinken	schmettern		D1					
Alkohol_trinken	schnäpseln		GermaNet					
Alkohol_trinken	schnapsen		D1; GermaNet					
Alkohol_trinken	sich abschießen		OT	https://www.openthesaurus.de/synonyme/sich%20abschie%C3%9Fen				
Alkohol_trinken	sich bedudeln		Sanders					
Alkohol_trinken	sich beduseln		Sanders					
Alkohol_trinken	sich begigeln		D1					
Alkohol_trinken	sich behammeln		D1					
Alkohol_trinken	sich beknillen		D1					
Alkohol_trinken	sich beknüllen		Sanders					
Alkohol_trinken	sich beknüppeln		D1					
Alkohol_trinken	sich benebeln		Sanders					
Alkohol_trinken	sich besaufen 		OT	https://www.openthesaurus.de/synonyme/sich%20besaufen				
Alkohol_trinken	sich besäuseln		Sanders					
Alkohol_trinken	sich beschickern		D1					
Alkohol_trinken	sich beschwipsen		D1					
Alkohol_trinken	sich betrinken		OT	https://www.openthesaurus.de/synonyme/sich+betrinken				
Alkohol_trinken	sich bezechen		D1; Sanders					
Alkohol_trinken	sich die Birne wegschießen		chatgpt-4o-latest-20241120					
Alkohol_trinken	sich die Birne zuhauen		gemini-2.0-flash-thinking-exp-1219					
Alkohol_trinken	sich die Hucke vollsaufen 		OT	https://www.openthesaurus.de/synonyme/sich%20die%20Hucke%20vollsaufen				
Alkohol_trinken	sich die Kante geben		OT	https://www.openthesaurus.de/synonyme/sich%20die%20Kante%20geben				
Alkohol_trinken	sich die Kehle anfeuchten		OT	https://www.openthesaurus.de/synonyme/sich%20die%20Kehle%20anfeuchten				
Alkohol_trinken	sich die Kehle öhlen		OT	https://www.openthesaurus.de/synonyme/sich%20die%20Kehle%20%C3%B6len				
Alkohol_trinken	sich die Nase begießen		D1					
Alkohol_trinken	sich einen ansaufen		D1					
Alkohol_trinken	sich einen auf die Lampe gießen		OT	https://www.openthesaurus.de/synonyme/sich%20einen%20auf%20die%20Lampe%20gie%C3%9Fen				
Alkohol_trinken	sich einen ballern		OT	https://www.openthesaurus.de/synonyme/sich%20einen%20ballern				
Alkohol_trinken	sich einen genehmigen 		OT	https://www.openthesaurus.de/synonyme/sich%20einen%20%28...%29%20genehmigen				
Alkohol_trinken	sich einen hinter die Binde kippen		OT	https://www.openthesaurus.de/synonyme/sich%20einen%20hinter%20die%20Binde%20kippen				
Alkohol_trinken	sich einen Rausch antrinken		claude-3-5-sonnet-20241022					
Alkohol_trinken	sich einen zur Brust nehmen		OT	https://www.openthesaurus.de/synonyme/sich%20einen%20zur%20Brust%20nehmen				
Alkohol_trinken	sich sinnlos betrinken		OT	https://www.openthesaurus.de/synonyme/sich%20sinnlos%20betrinken				
Alkohol_trinken	sich volldröhnen		chatgpt-4o-latest-20241120					
Alkohol_trinken	sich volllaufen lassen		OT	https://www.openthesaurus.de/synonyme/sich%20volllaufen%20lassen				
Alkohol_trinken	sich vollsaufen		LWP					
Alkohol_trinken	sich zudröhnen		OT	https://www.openthesaurus.de/synonyme/sich%20zudr%C3%B6hnen				
Alkohol_trinken	sich zulaufen lassen 		OT	https://www.openthesaurus.de/synonyme/sich%20zulaufen%20lassen				
Alkohol_trinken	sich zulöten		chatgpt-4o-latest-20241120					
Alkohol_trinken	sich zusaufen		OT	https://www.openthesaurus.de/synonyme/sich%20zusaufen				
Alkohol_trinken	sich zuschütten		OT	https://www.openthesaurus.de/synonyme/sich+zusch%C3%BCtten				
Alkohol_trinken	spendieren		D9					
Alkohol_trinken	süffeln		gemini-2.0-flash-thinking-exp-1219; GermaNet					
Alkohol_trinken	süppeln		OT; GermaNet	https://www.openthesaurus.de/synonyme/s%C3%BCppeln				
Alkohol_trinken	tanken		LWP					
Alkohol_trinken	trudeln		D1					
Alkohol_trinken	verdrücken		D9					
Alkohol_trinken	verlöten		D1					
Alkohol_trinken	verpitschen	eine Flasche Wein verpitschen	OT	https://www.openthesaurus.de/synonyme/%28eine%20Flasche%20Wein%20o.%C3%A4.%29%20verpitschen				
Alkohol_trinken	vertilgen		D9					
Alkohol_trinken	wegballern		gemini-2.0-flash-thinking-exp-1219					
Alkohol_trinken	zechen		OT	https://www.openthesaurus.de/synonyme/zechen				
Alkohol_trinken	zischen		GermaNet					
Alkohol_trinken	zu tief ins Glas gucken		D1					
Alkohol_trinken	zwitschern		D1; D9; GermaNet					
Getränk	das Trinken		OT	https://www.openthesaurus.de/synonyme/%28das%29%20Trinken				
Getränk	Drink		OT	https://www.openthesaurus.de/synonyme/Drink				
Getränk	Durstlöscher		OT; GermaNet	https://www.openthesaurus.de/synonyme/Durstl%C3%B6scher				
Getränk	Flüssignahrung		chatgpt-4o-latest-20241120					
Getränk	Gesöff		OT	https://www.openthesaurus.de/synonyme/Ges%C3%B6ff				
Getränk	Getränk		OT	https://www.openthesaurus.de/synonyme/Getr%C3%A4nk				
Getränk	Trank		OT; GermaNet	https://www.openthesaurus.de/synonyme/Trank				
Getränk	Trinkbares		LWP	https://corpora.uni-leipzig.de/de/res?corpusId=deu_news_2022&word=Trinkbares				
Getränk	Trinkware		chatgpt-4o-latest-20241120					
Getränk	Tropfen		OT	https://www.openthesaurus.de/synonyme/Tropfen				
Getränk	Trunk		OT; GermaNet	https://www.openthesaurus.de/synonyme/Trunk				
Alkoholfreies_Kaltgetränk	Smoothie		OT	https://www.openthesaurus.de/synonymeSmoothie	https://www.wikidata.org/wiki/Q13290	Smoothie		
Alkoholfreies_Kaltgetränk	Ganzfruchtgetränk		OT	https://www.openthesaurus.de/synonyme/Ganzfruchtgetr%C3%A4nk				
Alkoholfreies_Kaltgetränk	Eiskaffee				https://www.wikidata.org/wiki/Q968554	Eiskaffee		
Wasser	Arbeitersekt		OT	https://www.openthesaurus.de/synonyme/Arbeitersekt	https://www.wikidata.org/wiki/Q264554	Sprudelwasser		
Wasser	Born		Sanders					
Wasser	Brause1		D1		https://www.wikidata.org/wiki/Q264554	Sprudelwasser		
Wasser	Brunnenwasser		chatgpt-4o-latest-20241120; LWP					
Wasser	Brunnewitzer		D1		https://www.wikidata.org/wiki/Q506004	Leitungswasser		
Wasser	Gänsewein		OT	https://www.openthesaurus.de/synonyme/G%C3%A4nsewein	https://www.wikidata.org/wiki/Q22236197	Gänsewein		
Wasser	Kraneberger	Kranenberger	OT	https://www.openthesaurus.de/synonyme/Kraneberger; https://www.openthesaurus.de/synonyme/Kranenberger 	https://www.wikidata.org/wiki/Q506004	Leitungswasser		
Wasser	Kranwasser		OT	https://www.openthesaurus.de/synonyme/Kranwasser	https://www.wikidata.org/wiki/Q506004	Leitungswasser		
Wasser	Kribbelwasser		OT	https://www.openthesaurus.de/synonyme/Kribbelwasser	https://www.wikidata.org/wiki/Q264554	Sprudelwasser		
Wasser	Lauterbacher		Sanders		https://www.wikidata.org/wiki/Q506004	Leitungswasser		
Wasser	Lauterbrunner		D1; Sanders		https://www.wikidata.org/wiki/Q506004	Leitungswasser		
Wasser	Leitungswasser		OT	https://www.openthesaurus.de/synonyme/Leitungswasser	https://www.wikidata.org/wiki/Q506004	Leitungswasser		
Wasser	Mineralwasser		OT; GermaNet	https://www.openthesaurus.de/synonyme/Mineralwasser	https://www.wikidata.org/wiki/Q178921	Mineralwasser		
Wasser	Proletariersekt		D1		https://www.wikidata.org/wiki/Q264554	Sprudelwasser		
Wasser	Pumpenheimer		D1; Sanders		https://www.wikidata.org/wiki/Q506004	Leitungswasser		
Wasser	Quellwasser		gemini-2.0-flash-thinking-exp-1219					
Wasser	Rohrperle		OT	https://www.openthesaurus.de/synonyme/Rohrperle	https://www.wikidata.org/wiki/Q506004	Leitungswasser		
Wasser	Sauerbrunnen		GermaNet; LWP		https://www.wikidata.org/wiki/Q264554	Sprudelwasser		
Wasser	Säuerling		D1; GermaNet		https://www.wikidata.org/wiki/Q264554	Sprudelwasser		
Wasser	saurer Sprudel		OT	https://www.openthesaurus.de/synonyme/saurer%20Sprudel	https://www.wikidata.org/wiki/Q264554	Sprudelwasser		
Wasser	Selters		OT; GermaNet	https://www.openthesaurus.de/synonyme/Selters	https://www.wikidata.org/wiki/Q264554	Sprudelwasser		
Wasser	Selterswasser		OT; Sanders; GermaNet	https://www.openthesaurus.de/synonyme/Selterswasser	https://www.wikidata.org/wiki/Q264554	Sprudelwasser		
Wasser	Siphon		D1					
Wasser	Soda		OT; GermaNet	https://www.openthesaurus.de/synonyme/Soda	https://www.wikidata.org/wiki/Q264554	Sprudelwasser		
Wasser	Sodawasser		OT; GermaNet	https://www.openthesaurus.de/synonyme/Sodawasser	https://www.wikidata.org/wiki/Q264554	Sprudelwasser		
Wasser	Spring		Sanders					
Wasser	Spritzwasser		HW10		https://www.wikidata.org/wiki/Q264554	Sprudelwasser		
Wasser	Sprudel		OT; GermaNet	https://www.openthesaurus.de/synonyme/Sprudel	https://www.wikidata.org/wiki/Q264554	Sprudelwasser		
Wasser	Sprudelwasser		OT; GermaNet	https://www.openthesaurus.de/synonyme/Sprudelwasser	https://www.wikidata.org/wiki/Q264554	Sprudelwasser		
Wasser	Stilles Wasser	stilles Wasser	OT; GermaNet	https://www.openthesaurus.de/synonyme/stilles%20Wasser				
Wasser	Tafelwasser		OT	https://www.openthesaurus.de/synonyme/Tafelwasser	https://www.wikidata.org/wiki/Q1168872	Tafelwasser		
Wasser	Trinkwasser		OT; GermaNet	https://www.openthesaurus.de/synonyme/Trinkwasser				
Wasser	Wasser		OT	https://www.openthesaurus.de/synonyme/Wasser				
Wasser	Wasser mit Zisch		OT	https://www.openthesaurus.de/synonyme/Wasser%20mit%20Zisch	https://www.wikidata.org/wiki/Q264554	Sprudelwasser		
Softdrink	Bitter Lemon		GermaNet		https://www.wikidata.org/wiki/Q365065	Bitter Lemon		
Softdrink	Brause2		OT; GermaNet	https://www.openthesaurus.de/synonyme/Brause	https://www.wikidata.org/wiki/Q902324	Brause; “kohlensäurehaltige Erfrischungsgetränke”		
Softdrink	Brauselimonade		Sanders		https://www.wikidata.org/wiki/Q893	Limonade		
Softdrink	Coca-Cola	Cola	OT	https://www.openthesaurus.de/synonyme/Coca-Cola; https://www.openthesaurus.de/synonyme/Cola 	https://www.wikidata.org/wiki/Q2813	Coca-Cola		
Softdrink	Coke		OT	https://www.openthesaurus.de/synonyme/Coke	https://www.wikidata.org/wiki/Q2813	Coca-Cola		
Softdrink	Colagetränk		GermaNet		https://www.wikidata.org/wiki/Q2813	Coca-Cola		
Softdrink	Eistee		gemini-2.0-flash-thinking-exp-1219		https://www.wikidata.org/wiki/Q348958	Eistee		
Softdrink	Erfrischungsgetränk		OT	https://www.openthesaurus.de/synonyme/Erfrischungsgetr%C3%A4nk				
Softdrink	Fassbrause		GermaNet		https://www.wikidata.org/wiki/Q1397571	Fassbrause		
Softdrink	Ginger Ale		GermaNet		https://www.wikidata.org/wiki/Q1162763	Ginger Ale		
Softdrink	Ingwerbier		D1; GermaNet		https://www.wikidata.org/wiki/Q1448819	Ginger Beer		
Softdrink	Lakritzenwasser		Sanders					
Softdrink	Limonade	Limo	OT	https://www.openthesaurus.de/synonyme/Limonade; https://www.openthesaurus.de/synonyme/Limo 	https://www.wikidata.org/wiki/Q893	Limonade		
Softdrink	Orangeade		Sanders		https://www.wikidata.org/wiki/Q604712			
Softdrink	Orangenlimonade		GermaNet		https://www.wikidata.org/wiki/Q604712			
Softdrink	Scherbet		Sanders		https://www.wikidata.org/wiki/Q13302	Sorbet		
Softdrink	Serbet		Sanders		https://www.wikidata.org/wiki/Q13302	Sorbet		
Softdrink	Sirup		D1; D9		https://www.wikidata.org/wiki/Q6584340	Sirup		
Softdrink	Softdrink		OT	https://www.openthesaurus.de/synonyme/Softdrink				
Softdrink	Sorbet		Sanders		https://www.wikidata.org/wiki/Q13302	Sorbet		
Softdrink	Tonic Water		GermaNet		https://www.wikidata.org/wiki/Q237315	Tonic Water		
Softdrink	Zitronenlimonade		GermaNet		https://www.wikidata.org/wiki/Q5532669	Citruslimonade		
Softdrink	Zuckersaft		LWP					
Softdrink	Zuckerwasser		OT		https://www.wikidata.org/wiki/Q6554268	Zuckerwasser		
Saft	Ananassaft		D9		https://www.wikidata.org/wiki/Q3190226	Ananassaft		
Saft	Apfelsaft		OT	https://www.openthesaurus.de/synonyme/Apfelsaft	https://www.wikidata.org/wiki/Q618355	Apfelsaft		
Saft	Apfelsaftschorle	Apfelschorle	OT	https://www.openthesaurus.de/synonyme/Apfelsaftschorle; https://www.openthesaurus.de/synonyme/Apfelschorle 	https://www.wikidata.org/wiki/Q3053970	Apfelschorle		
Saft	Fruchtnektar		GermaNet		https://www.wikidata.org/wiki/Q2719623	Nektar		
Saft	Fruchtsaft		OT	https://www.openthesaurus.de/synonyme/Fruchtsaft	https://www.wikidata.org/wiki/Q20932605	Fruchtsaft		
Saft	Gemüsesaft		OT; GermaNet		https://www.wikidata.org/wiki/Q1501257	Gemüsesaft		
Saft	Karottensaft		GermaNet		https://www.wikidata.org/wiki/Q1190074	Karottensaft		
Saft	Most		OT	https://www.openthesaurus.de/synonyme/Most	https://www.wikidata.org/wiki/Q18201657	Most		
Saft	Multivitaminsaft		GermaNet		https://www.wikidata.org/wiki/Q68497783	Multivitaminsaft		
Saft	Nektar		D9; GermaNet		https://www.wikidata.org/wiki/Q2719623	Nektar		
Saft	Obstsaft		LWP	https://corpora.uni-leipzig.de/de/res?corpusId=deu_news_2022&word=Obstsaft	https://www.wikidata.org/wiki/Q20932605	Fruchtsaft		
Saft	Orangensaft	O-Saft	OT	https://www.openthesaurus.de/synonyme/Orangensaft; https://www.openthesaurus.de/synonyme/O-saft 	https://www.wikidata.org/wiki/Q219059	Orangensaft		
Saft	Saft		OT	https://www.openthesaurus.de/synonyme/Saft				
Saft	Süßmost		GermaNet		https://www.wikidata.org/wiki/Q5977438	Süßmost		
Saft	Tomatensaft		D9		https://www.wikidata.org/wiki/Q787325	Tomatensaft		
Saft	Traubenmost		OT	https://www.openthesaurus.de/synonyme/Traubenmost	https://www.wikidata.org/wiki/Q278818	Traubenmost		
Saft	Traubensaft		D9		https://www.wikidata.org/wiki/Q1209756	Traubensaft		
Kaltes_Milchgetränk	Bananenmilch		GermaNet				https://www.wikidata.org/wiki/Q5458209 	
Kaltes_Milchgetränk	Büchsenmilch		OT	https://www.openthesaurus.de/synonyme/B%C3%BCchsenmilch	https://www.wikidata.org/wiki/Q2830455	Kondensmilch		
Kaltes_Milchgetränk	Buttermilch		D1		https://www.wikidata.org/wiki/Q106612	Buttermilch		
Kaltes_Milchgetränk	Dickmilch		D1		https://www.wikidata.org/wiki/Q253333	Dickmilch		
Kaltes_Milchgetränk	Dosenmilch		OT	https://www.openthesaurus.de/synonyme/Dosenmilch	https://www.wikidata.org/wiki/Q2830455	Kondensmilch		
Kaltes_Milchgetränk	Erdbeermilch		GermaNet		https://www.wikidata.org/wiki/Q7622520	Erdbeermilch		
Kaltes_Milchgetränk	Eselsmilch		Sanders		https://www.wikidata.org/wiki/Q1239497	Eselsmilch		
Kaltes_Milchgetränk	Frischmilch		D9					
Kaltes_Milchgetränk	gestandene Milch		D1		https://www.wikidata.org/wiki/Q253333	Dickmilch		
Kaltes_Milchgetränk	Hafermilch		OT; chatgpt-4o-latest-20241120	https://www.openthesaurus.de/synonyme/Hafermilch	https://www.wikidata.org/wiki/Q20972637	Hafermilch		
Kaltes_Milchgetränk	haltbare Milch	H-Milch	OT	https://www.openthesaurus.de/synonyme/haltbare+Milch; https://www.openthesaurus.de/synonyme/H-Milch 	https://www.wikidata.org/wiki/Q13616188	H-Milch		
Kaltes_Milchgetränk	Kokosmilch		Sanders		https://www.wikidata.org/wiki/Q841779	Kokosmilch		
Kaltes_Milchgetränk	Kondensmilch		OT	https://www.openthesaurus.de/synonyme/Kondensmilch	https://www.wikidata.org/wiki/Q2830455	Kondensmilch		
Kaltes_Milchgetränk	Kuhmilch		OT	https://www.openthesaurus.de/synonyme/Kuhmilch	https://www.wikidata.org/wiki/Q10988133	Kuhmilch		
Kaltes_Milchgetränk	Kuhsaft		D1		https://www.wikidata.org/wiki/Q10988133	Kuhmilch		
Kaltes_Milchgetränk	Magermilch		OT; D9	https://www.openthesaurus.de/synonyme/Magermilch	https://www.wikidata.org/wiki/Q2352187	Magermilch		
Kaltes_Milchgetränk	Mandelmilch		Sanders		https://www.wikidata.org/wiki/Q975953	Mandelmilch		
Kaltes_Milchgetränk	Milch		OT	https://www.openthesaurus.de/synonyme/Milch				
Kaltes_Milchgetränk	Milchmischgetränk		OT	https://www.openthesaurus.de/synonyme/Milchmischgetr%C3%A4nk	https://www.wikidata.org/wiki/Q1934437	Milchmischerzeugnis		
Kaltes_Milchgetränk	Milchmixgetränk		OT	https://www.openthesaurus.de/synonyme/Milchmixgetr%C3%A4nk	https://www.wikidata.org/wiki/Q1934437	Milchmischerzeugnis		
Kaltes_Milchgetränk	Milchshake	Milkshake	OT	https://www.openthesaurus.de/synonyme/Milchshake; https://www.openthesaurus.de/synonyme/Milkshake 	https://www.wikidata.org/wiki/Q37159	Milchshake		
Kaltes_Milchgetränk	Pflanzenmilch		chatgpt-4o-latest-20241120		https://www.wikidata.org/wiki/Q2640574	Pflanzenmilch		
Kaltes_Milchgetränk	Reismilch		chatgpt-4o-latest-20241120		https://www.wikidata.org/wiki/Q715187	Reismilch		
Kaltes_Milchgetränk	Sauermilch		OT; D9	https://www.openthesaurus.de/synonyme/Sauermilch	https://www.wikidata.org/wiki/Q253333	Dickmilch		
Kaltes_Milchgetränk	saure Milch		D1; D9		https://www.wikidata.org/wiki/Q253333	Dickmilch		
Kaltes_Milchgetränk	Schickermilch		OT	https://www.openthesaurus.de/synonyme/Schlickermilch				
Kaltes_Milchgetränk	Sojamilch		OT; D9	https://www.openthesaurus.de/synonyme/Sojamilch	https://www.wikidata.org/wiki/Q192199	Sojamilch		
Kaltes_Milchgetränk	Trinkmilch		OT	https://www.openthesaurus.de/synonyme/Trinkmilch				
Kaltes_Milchgetränk	Vollmilch		OT	https://www.openthesaurus.de/synonyme/Vollmilch	https://www.wikidata.org/wiki/Q3374445	Vollmilch		
Kaltes_Milchgetränk	Ziegenmilch		Sanders		https://www.wikidata.org/wiki/Q1418287	Ziegenmilch		
Alkoholfreies_Heißgetränk	Aufgussgetränk		OT	https://www.openthesaurus.de/synonyme/Aufgussgetr%C3%A4nk				
Kaffee	Blümchenkaffee		OT; D9; GermaNet	https://www.openthesaurus.de/synonyme/Bl%C3%BCmchenkaffee	https://www.wikidata.org/wiki/Q22862	Blümchenkaffee		
Kaffee	Bodenseekaffee		OT	https://www.openthesaurus.de/synonyme/Bodenseekaffee	https://www.wikidata.org/wiki/Q22862	Blümchenkaffee		
Kaffee	Bohnenkaffee		chatgpt-4o-latest-20241120; GermaNet; LWP					
Kaffee	Brühe		OT	https://www.openthesaurus.de/synonyme/Br%C3%BChe	https://www.wikidata.org/wiki/Q22862	Blümchenkaffee		
Kaffee	Capuccino		OT; GermaNet	https://www.openthesaurus.de/synonyme/Cappuccino	https://www.wikidata.org/wiki/Q159774	Capuccino		
Kaffee	Espresso		OT; GermaNet	https://www.openthesaurus.de/synonyme/Espresso	https://www.wikidata.org/wiki/Q180289	Espresso		
Kaffee	Filterkaffee		D9; GermaNet		https://www.wikidata.org/wiki/Q1155703	Filterkaffee		
Kaffee	Geplämpe		Sanders		https://www.wikidata.org/wiki/Q22862	Blümchenkaffee		
Kaffee	Geschlapp		Sanders		https://www.wikidata.org/wiki/Q22862	Blümchenkaffee		
Kaffee	Instantkaffee		gemini-2.0-flash-thinking-exp-1219; GermaNet		https://www.wikidata.org/wiki/Q12620482	Instantkaffeegetränk		
Kaffee	Java		OT	https://www.openthesaurus.de/synonyme/Java				
Kaffee	Kaffee	Café	OT; claude-3-5-sonnet-20241022 	https://www.openthesaurus.de/synonyme/Kaffee				
Kaffee	Kaffee mit aufgeschäumter Milch		OT	https://www.openthesaurus.de/synonyme/Cappuccino	https://www.wikidata.org/wiki/Q159774	Capuccino		
Kaffee	Kapuziner		OT	https://www.openthesaurus.de/synonyme/Kapuziner	https://www.wikidata.org/wiki/Q159774	Capuccino		
Kaffee	Latte		OT	https://www.openthesaurus.de/synonyme/Latte%20%28fem.%29	https://www.wikidata.org/wiki/Q841774	Kaffee Latte		
Kaffee	Latte macchiato		OT	https://www.openthesaurus.de/synonyme/Latte%20macchiato	https://www.wikidata.org/wiki/Q22929	Latte macchiato		
Kaffee	Lorke		OT; Sanders	https://www.openthesaurus.de/synonyme/Lorke	https://www.wikidata.org/wiki/Q22862	Blümchenkaffee		
Kaffee	Lurke		Sanders		https://www.wikidata.org/wiki/Q22862	Blümchenkaffee		
Kaffee	Melange		D1; GermaNet		https://www.wikidata.org/wiki/Q70461	Melange		
Kaffee	Milchkaffee		OT; GermaNet	https://www.openthesaurus.de/synonyme/Milchkaffee	https://www.wikidata.org/wiki/Q10751552	Milchkaffee		
Kaffee	Mokka	Mocca; Mocha	OT; GermaNet; Sanders; llama-3.3-70b-instruct	https://www.openthesaurus.de/synonyme/Mokka	https://www.wikidata.org/wiki/Q43022	Mokka		
Kaffee	Plampel		Sanders		https://www.wikidata.org/wiki/Q22862	Blümchenkaffee		
Kaffee	Plempe	Plämpe	OT; Sanders 	https://www.openthesaurus.de/synonyme/Plempe	https://www.wikidata.org/wiki/Q22862	Blümchenkaffee		
Kaffee	Plörre		OT	https://www.openthesaurus.de/synonyme/Pl%C3%B6rre	https://www.wikidata.org/wiki/Q22862	Blümchenkaffee		
Kaffee	Röstkaffee		D9					
Kaffee	Schwarzes Gold		chatgpt-4o-latest-20241120					
Kaffee	Türkentrank		claude-3-5-sonnet-20241022					
Kaffee	Wachmacher		OT	https://www.openthesaurus.de/synonyme/Wachmacher				
Kaffeeersatz	Ersatzkaffee		OT	https://www.openthesaurus.de/synonyme/Ersatzkaffee				
Kaffeeersatz	Kaffeeersatz		OT	https://www.openthesaurus.de/synonyme/Kaffeeersatz				
Kaffeeersatz	Caro-Kaffee		OT	https://www.openthesaurus.de/synonyme/Caro-Kaffee				
Kaffeeersatz	Fruchtkaffee		OT	https://www.openthesaurus.de/synonyme/Fruchtkaffee				
Kaffeeersatz	Gerstenkaffee		OT	https://www.openthesaurus.de/synonyme/Gerstenkaffee	https://www.wikidata.org/wiki/Q3243039	Malzkaffee		
Kaffeeersatz	Getreidekaffee		OT; GermaNet	https://www.openthesaurus.de/synonyme/Getreidekaffee	https://www.wikidata.org/wiki/Q3243039	Malzkaffee		
Kaffeeersatz	Kornkaffee		WE12		https://www.wikidata.org/wiki/Q3243039	Malzkaffee		
Kaffeeersatz	Malzkaffee		OT; GermaNet	https://www.openthesaurus.de/synonyme/Malzkaffee	https://www.wikidata.org/wiki/Q3243039	Malzkaffee		
Kaffeeersatz	Kinderkaffee		OT	https://www.openthesaurus.de/synonyme/Kinderkaffee				
Kaffeeersatz	Muckefuck		OT; GermaNet	https://www.openthesaurus.de/synonyme/Muckefuck				
Kaffeeersatz	Zichorienkaffee		Sanders; GermaNet					
Kaffeeersatz	Eichelkaffee		Sanders					
Tee	Tee		OT	https://www.openthesaurus.de/synonyme/Tee				
Tee	Teegetränk		claude-3-5-sonnet-20241022					
Tee	Früchtetee		D9; GermaNet		https://www.wikidata.org/wiki/Q744457	Früchtetee		
Tee	Kamillentee		D9; Sanders					
Tee	Kräutertee		D9; Sanders; GermaNet		https://www.wikidata.org/wiki/Q379932	Kräutertee		
Tee	Pfefferminztee		D9		https://www.wikidata.org/wiki/Q1071940	Pfefferminztee		
Tee	Schwarztee	schwarzer Tee; Schwarzer Tee	D9; Sanders 		https://www.wikidata.org/wiki/Q203415	schwarzer Tee		
Tee	Fencheltee		Sanders					
Tee	Grüntee	grüner Tee; Grüner Tee	Sanders; llama-3.3-70b-instruct; chatgpt-4o-latest-20241120		https://www.wikidata.org/wiki/Q484083	grüner Tee		
Tee	Mate		chatgpt-4o-latest-20241120		https://www.wikidata.org/wiki/Q203540	Mate		
Tee	Ostfriesentee		GermaNet		https://www.wikidata.org/wiki/Q2035490	Ostfriesentee		
Tee	Hagebuttentee		GermaNet					
Kakao	Kakao		OT	https://www.openthesaurus.de/synonyme/Kakao				
Kakao	Heiße Schokolade		OT	https://www.openthesaurus.de/synonyme/hei%C3%9Fe%20Schokolade				
Kakao	Kakaogetränk		OT	https://www.openthesaurus.de/synonyme/Kakaogetr%C3%A4nk				
Kakao	Kakaomilch		OT	https://www.openthesaurus.de/synonyme/Kakaomilch				
Kakao	Kakaotrunk		OT	https://www.openthesaurus.de/synonyme/Kakaotrunk				
Kakao	Kakaotrank		claude-3-5-sonnet-20241022					
Kakao	Schokoladentrunk	Schokotrunk	OT; gemini-2.0-flash-thinking-exp-1219 	https://www.openthesaurus.de/synonyme/Schokoladentrunk				
Kakao	Schokoladentrank	Schokotrank	claude-3-5-sonnet-20241022					
Kakao	Trinkschokolade		OT	https://www.openthesaurus.de/synonyme/Trinkschokolade				
Kakao	Schokolade		D1; Sanders; gemini-2.0-flash-thinking-exp-1219					
Kakao	Schokoladengetränk	Schokogetränk	chatgpt-4o-latest-20241120					
Kakao	Schokodrink		chatgpt-4o-latest-20241120					
Kakao	Milchkakao		chatgpt-4o-latest-20241120					
Kakao	Schokoladenmilch	Schokomilch	gemini-2.0-flash-thinking-exp-1219; claude-3-5-sonnet-20241022 					
Alkoholhaltiges_Kaltgetränk	billiger Alkohol		OT	https://www.openthesaurus.de/synonyme/billiger%20Alkohol				
Alkoholhaltiges_Kaltgetränk	Radler		OT	https://www.openthesaurus.de/synonyme/Radler	https://www.wikidata.org/wiki/Q260417	Radler		
Alkoholhaltiges_Kaltgetränk	Alsterwasser		OT	https://www.openthesaurus.de/synonyme/Alsterwasser	https://www.wikidata.org/wiki/Q260417	Radler		
Alkoholhaltiges_Kaltgetränk	Alster		OT	https://www.openthesaurus.de/synonyme/Alster	https://www.wikidata.org/wiki/Q260417	Radler		
Alkoholhaltiges_Kaltgetränk	Bier-Limonade-Mix		OT	https://www.openthesaurus.de/synonyme/Bier-Limonade-Mix	https://www.wikidata.org/wiki/Q260417	Radler		
Alkoholhaltiges_Kaltgetränk	Biermischgetränk				https://www.wikidata.org/wiki/Q13527031	Biermischgetränk		
Alkoholhaltiges_Kaltgetränk	Cocktail		OT	https://www.openthesaurus.de/synonyme/Cocktail	https://www.wikidata.org/wiki/Q134768	Cocktail		
Alkoholhaltiges_Kaltgetränk	Longdrink		OT	https://www.openthesaurus.de/synonyme/Longdrink	https://www.wikidata.org/wiki/Q1346513	Longdrink		
Alkoholhaltiges_Kaltgetränk	Shortdrink		OT	https://www.openthesaurus.de/synonyme/Shortdrink	https://www.wikidata.org/wiki/Q2279997	Shortdrink		
Alkoholhaltiges_Kaltgetränk	Kurzer		OT	https://www.openthesaurus.de/synonyme/Kurzer	https://www.wikidata.org/wiki/Q1649489	Kurzer		
Alkoholhaltiges_Kaltgetränk	Absacker		OT	https://www.openthesaurus.de/synonyme/Absacker				
Alkoholhaltiges_Kaltgetränk	Reiswein		OT	https://www.openthesaurus.de/synonyme/Reiswein	https://www.wikidata.org/wiki/Q170219	Sake		
Bier 	Bier		OT	https://www.openthesaurus.de/synonyme/Bier				
Bier 	Gerstensaft		OT	https://www.openthesaurus.de/synonyme/Gerstensaft				
Bier 	Gerstentrank		Sanders					
Bier 	Gerstenwein		Sanders					
Bier 	Flüssigbrot		OT	https://www.openthesaurus.de/synonyme/Fl%C3%BCssigbrot				
Bier 	Gerstenkaltgetränk		OT	https://www.openthesaurus.de/synonyme/Gerstenkaltgetr%C3%A4nk				
Bier 	Gerstenkaltschalte		OT	https://www.openthesaurus.de/synonyme/Gerstenkaltschale				
Bier 	Hopfenkaltschale		OT	https://www.openthesaurus.de/synonyme/Hopfenkaltschale				
Bier 	Hopfentee		OT	https://www.openthesaurus.de/synonyme/Hopfentee				
Bier 	Krawallbrause		OT	https://www.openthesaurus.de/synonyme/Krawallbrause				
Bier 	Maurerbrause		OT	https://www.openthesaurus.de/synonyme/Maurerbrause				
Bier 	Ballerbrühe		OT	https://www.openthesaurus.de/synonyme/Ballerbr%C3%BChe				
Bier 	Hopfenblütentee		gemini-2.0-flash-thinking-exp-1219					
Bier 	Hopfensaft		chatgpt-4o-latest-20241120					
Bier 	Hopfengetränk		chatgpt-4o-latest-20241120					
Bier 	Bräu		D1; D9; GermaNet; WE10					
Bier 	Altbier		OT	https://www.openthesaurus.de/synonyme/Altbier	https://www.wikidata.org/wiki/Q44924	Altbier		
Bier 	Weißbier		OT	https://www.openthesaurus.de/synonyme/Wei%C3%9Fbier	https://www.wikidata.org/wiki/Q131413	Weizenbier		
Bier 	Weizenbier	Weizen	D9	https://www.openthesaurus.de/synonyme/Weizen	https://www.wikidata.org/wiki/Q131413	Weizenbier		
Bier 	Hefeweizen		D9		https://www.wikidata.org/wiki/Q131413	Weizenbier		
Bier 	Pilsbier	Pils	OT	https://www.openthesaurus.de/synonyme/Pilsbier; https://www.openthesaurus.de/synonyme/Pils 	https://www.wikidata.org/wiki/Q152281	Pilsner Bier		
Bier 	Bockbier	Bock	OT; D1; D9 	https://www.openthesaurus.de/synonyme/Bockbier	https://www.wikidata.org/wiki/Q687737	Bockbier		
Bier 	Starkbier		OT; GermaNet	https://www.openthesaurus.de/synonyme/Starkbier	https://www.wikidata.org/wiki/Q1234364	Starkbier		
Bier 	Kölsch		OT	https://www.openthesaurus.de/synonyme/K%C3%B6lsch	https://www.wikidata.org/wiki/Q4626	Kölsch		
Bier 	Helles		OT	https://www.openthesaurus.de/synonyme/Helles	https://www.wikidata.org/wiki/Q261105	Helles		
Bier 	Hellbier		OT	https://www.openthesaurus.de/synonyme/Hellbier	https://www.wikidata.org/wiki/Q261105	Helles		
Bier 	Kellerbier		OT	https://www.openthesaurus.de/synonyme/Kellerbier	https://www.wikidata.org/wiki/Q8401949	Zwickelbier		
Bier 	Märzenbier	Märzen	OT	https://www.openthesaurus.de/synonyme/M%C3%A4rzenbier; https://www.openthesaurus.de/synonyme/M%C3%A4rzen 	https://www.wikidata.org/wiki/Q1760222	Märzen		
Bier 	Leichtbier		OT	https://www.openthesaurus.de/synonyme/Leichtbier	https://www.wikidata.org/wiki/Q1814622	Leichtbier		
Bier 	Dünnbier		OT; GermaNet	https://www.openthesaurus.de/synonyme/D%C3%BCnnbier	https://www.wikidata.org/wiki/Q524679	Dünnbier		
Bier 	Braunbier		OT	https://www.openthesaurus.de/synonyme/Braunbier	https://www.wikidata.org/wiki/Q900660	Braunbier		
Bier 	Ale		OT	https://www.openthesaurus.de/synonyme/Ale	https://www.wikidata.org/wiki/Q208385	Ale		
Bier 	Porter		D9		https://www.wikidata.org/wiki/Q954166	Porter		
Bier 	Schwarzbier		D9		https://www.wikidata.org/wiki/Q1273660	Schwarzbier		
Bier 	Malzbier		GermaNet		https://www.wikidata.org/wiki/Q2144234	Malzbier		
Bier 	Dunkelbier		GermaNet		https://www.wikidata.org/wiki/Q1265882	Dunkelbier		
Wein	Wein		OT	https://www.openthesaurus.de/synonyme/Wein				
Wein	Rebensaft		OT	https://www.openthesaurus.de/synonyme/Rebensaft				
Wein	Rotwein		OT	https://www.openthesaurus.de/synonyme/Rotwein	https://www.wikidata.org/wiki/Q1827	Rotwein		
Wein	Roter		OT	https://www.openthesaurus.de/synonyme/Roter	https://www.wikidata.org/wiki/Q1827	Rotwein		
Wein	Weißwein		OT	https://www.openthesaurus.de/synonyme/Wei%C3%9Fwein	https://www.wikidata.org/wiki/Q10210	Weißwein		
Wein	Weißer		OT	https://www.openthesaurus.de/synonyme/Wei%C3%9Fer	https://www.wikidata.org/wiki/Q10210	Weißwein		
Wein	Roséwein	Rosé	OT	https://www.openthesaurus.de/synonyme/Ros%C3%A9wein; https://www.openthesaurus.de/synonyme/Ros%C3%A9 	https://www.wikidata.org/wiki/Q12979	Roséwein		
Wein	Tafelwein		OT	https://www.openthesaurus.de/synonyme/Tafelwein	https://www.wikidata.org/wiki/Q1513599	Tafelwein		
Wein	Prädikatswein		OT	https://www.openthesaurus.de/synonyme/Pr%C3%A4dikatswein	https://www.wikidata.org/wiki/Q353275	Klassifikation deutscher Weine		
Wein	Qualitätswein		D9		https://www.wikidata.org/wiki/Q2122125	Qualitätswein		
Wein	Obstwein		D1		https://www.wikidata.org/wiki/Q633625	Obstwein		
Wein	Apfelwein		D1		https://www.wikidata.org/wiki/Q618389	Apfelwein		
Wein	Federweißer		OT	https://www.openthesaurus.de/synonyme/Federwei%C3%9Fer	https://www.wikidata.org/wiki/Q22996	Neuer Wein		
Wein	Fruchtwein		OT	https://www.openthesaurus.de/synonyme/Fruchtwein	https://www.wikidata.org/wiki/Q633625	Obstwein		
Wein	Sauser		OT; D1		https://www.wikidata.org/wiki/Q22996	Neuer Wein		
Wein	Riesling		D1; D9		https://www.wikidata.org/wiki/Q456471	Riesling		
Wein	Bordeaux		D9		https://www.wikidata.org/wiki/Q67443910	Bordeaux		
Wein	Burgunder		D9		https://www.wikidata.org/wiki/Q43771277	Burgunder		
Wein	Cidre		OT	https://www.openthesaurus.de/synonyme/Cidre	https://www.wikidata.org/wiki/Q167296	Apfelschaumwein		
Wein	Apfelperlwein		OT	https://www.openthesaurus.de/synonyme/Apfelperlwein	https://www.wikidata.org/wiki/Q167296	Apfelschaumwein		
Wein	Apfelschaumwein		OT	https://www.openthesaurus.de/synonyme/Apfelschaumwein	https://www.wikidata.org/wiki/Q167296	Apfelschaumwein		
Wein	Eiswein		D9		https://www.wikidata.org/wiki/Q828135	Eiswein		
Wein	Landwein		D9		https://www.wikidata.org/wiki/Q1804737	Landwein		
Wein	Süßwein		OT	https://www.openthesaurus.de/synonyme/S%C3%BC%C3%9Fwein	https://www.wikidata.org/wiki/Q1200945	Dessertwein		
Wein	Portwein		OT	https://www.openthesaurus.de/synonyme/Portwein				
Wein	Likörwein		OT	https://www.openthesaurus.de/synonyme/Lik%C3%B6rwein				
Wein	Grauburgunder		OT	https://www.openthesaurus.de/synonyme/Grauburgunder	https://www.wikidata.org/wiki/Q778601	Pinot gris		
Wein	Weißburgunder		D9		https://www.wikidata.org/wiki/Q950514	Weißburgunder		
Wein	Palmwein		OT	https://www.openthesaurus.de/synonyme/Palmwein	https://www.wikidata.org/wiki/Q839492	Palmwein		
Wein	Honigwein		OT	https://www.openthesaurus.de/synonyme/Honigwein	https://www.wikidata.org/wiki/Q184442	Met		
Wein	Met		OT; D1	https://www.openthesaurus.de/synonyme/Met	https://www.wikidata.org/wiki/Q184442	Met		
Sekt	Schaumwein		OT	https://www.openthesaurus.de/synonyme/Schaumwein				
Sekt	Perlwein		OT	https://www.openthesaurus.de/synonyme/Perlwein	https://www.wikidata.org/wiki/Q1259100	Perlwein		
Sekt	Sekt		OT	https://www.openthesaurus.de/synonyme/Sekt				
Sekt	Champagner		OT	https://www.openthesaurus.de/synonyme/Champagner	https://www.wikidata.org/wiki/Q134862	Champagner		
Sekt	Schampus		OT	https://www.openthesaurus.de/synonyme/Schampus				
Sekt	Schumm		D1					
Sekt	Pickelbrause		OT	https://www.openthesaurus.de/synonyme/Prickelbrause				
Sekt	Pickelwasser		OT	https://www.openthesaurus.de/synonyme/Prickelwasser				
Sekt	Puffbrause		OT	https://www.openthesaurus.de/synonyme/Puffbrause				
Sekt	Prosecco		llama-3.3-70b-instruct; GermaNet		https://www.wikidata.org/wiki/Q1069954	Prosecco		
Sekt	Krimsekt		OT	https://www.openthesaurus.de/synonyme/Krimsekt	https://www.wikidata.org/wiki/Q1789031	Krimsekt		
Spirituose	Schnaps		OT	https://www.openthesaurus.de/synonyme/Schnaps	https://www.wikidata.org/wiki/Q1815494	Schnapps		
Spirituose	Branntwein	Branntewein	OT; Sanders	https://www.openthesaurus.de/synonyme/Branntwein	https://www.wikidata.org/wiki/Q50091090	Branntwein		
Spirituose	Schabau		OT	https://www.openthesaurus.de/synonyme/Schabau	https://www.wikidata.org/wiki/Q1815494	Schnapps		
Spirituose	Spirituose		OT	https://www.openthesaurus.de/synonyme/Spirituose				
Spirituose	Feuerwasser		OT; Sanders	https://www.openthesaurus.de/synonyme/Feuerwasser				
Spirituose	Fusel		OT; D1	https://www.openthesaurus.de/synonyme/Fusel	https://www.wikidata.org/wiki/Q2697307	Fusel		
Spirituose	Hochprozentiges		OT	https://www.openthesaurus.de/synonyme/Hochprozentiges				
Spirituose	Zielwasser		OT	https://www.openthesaurus.de/synonyme/Zielwasser	https://www.wikidata.org/wiki/Q199036	Zielwasser		
Spirituose	Korn		OT	https://www.openthesaurus.de/synonyme/Korn	https://www.wikidata.org/wiki/Q582877	Kornbrand		
Spirituose	Kornbrand		OT	https://www.openthesaurus.de/synonyme/Kornbrand	https://www.wikidata.org/wiki/Q582877	Kornbrand		
Spirituose	Kornbranntwein		Sanders		https://www.wikidata.org/wiki/Q582877	Kornbrand		
Spirituose	Gin		OT	https://www.openthesaurus.de/synonyme/Gin	https://www.wikidata.org/wiki/Q959362	Gin		
Spirituose	Wacholderbranntwein		OT	https://www.openthesaurus.de/synonyme/Wacholderbranntwein	https://www.wikidata.org/wiki/Q959362	Gin		
Spirituose	Wacholderschnaps		OT	https://www.openthesaurus.de/synonyme/Wacholderschnaps	https://www.wikidata.org/wiki/Q959362	Gin		
Spirituose	Wodka		OT	https://www.openthesaurus.de/synonyme/Wodka	https://www.wikidata.org/wiki/Q374	Wodka		
Spirituose	Obstbrand		OT	https://www.openthesaurus.de/synonyme/Obstbrand	https://www.wikidata.org/wiki/Q222216	Obstbrand		
Spirituose	Obstgeist		OT	https://www.openthesaurus.de/synonyme/Obstgeist	https://www.wikidata.org/wiki/Q25628934	Obstgeist		
Spirituose	Obstler		OT	https://www.openthesaurus.de/synonyme/Obstler	https://www.wikidata.org/wiki/Q222216	Obstbrand		
Spirituose	Obstwasser		OT	https://www.openthesaurus.de/synonyme/Obstwasser	https://www.wikidata.org/wiki/Q222216	Obstbrand		
Spirituose	Obstschnaps		GermaNet		https://www.wikidata.org/wiki/Q222216	Obstbrand		
Spirituose	Likör		OT	https://www.openthesaurus.de/synonyme/Lik%C3%B6r	https://www.wikidata.org/wiki/Q178780	Likör		
Spirituose	Amaretto		OT	https://www.openthesaurus.de/synonyme/Amaretto	https://www.wikidata.org/wiki/Q67588764	Mandellikör		
Spirituose	Mandellikör		OT	https://www.openthesaurus.de/synonyme/Mandellik%C3%B6r	https://www.wikidata.org/wiki/Q67588764	Mandellikör		
Spirituose	Cassis		OT	https://www.openthesaurus.de/synonyme/Cassis	https://www.wikidata.org/wiki/Q67446926	Cassislikör		
Spirituose	Johannisbeerlikör		OT	https://www.openthesaurus.de/synonyme/Johannisbeerlik%C3%B6r	https://www.wikidata.org/wiki/Q67446926	Cassislikör		
Spirituose	Aprikosenbrand		OT	https://www.openthesaurus.de/synonyme/Aprikosenbrand	https://www.wikidata.org/wiki/Q1898165	Marillenschnaps		
Spirituose	Aprikosenschnaps		OT	https://www.openthesaurus.de/synonyme/Aprikosenschnaps	https://www.wikidata.org/wiki/Q1898165	Marillenschnaps		
Spirituose	Marillenbrand		OT	https://www.openthesaurus.de/synonyme/Aprikosenbrand	https://www.wikidata.org/wiki/Q1898165	Marillenschnaps		
Spirituose	Marillenschnaps		OT	https://www.openthesaurus.de/synonyme/Marillenschnaps	https://www.wikidata.org/wiki/Q1898165	Marillenschnaps		
Spirituose	Zwetschgenbrand		OT	https://www.openthesaurus.de/synonyme/Zwetschgenbrand	https://www.wikidata.org/wiki/Q244493	Zwetschgenwasser		
Spirituose	Zwetschgenschnaps		OT	https://www.openthesaurus.de/synonyme/Zwetschgenschnaps	https://www.wikidata.org/wiki/Q244493	Zwetschgenwasser		
Spirituose	Zwetschgenwasser		OT	https://www.openthesaurus.de/synonyme/Zwetschgenwasser	https://www.wikidata.org/wiki/Q244493	Zwetschgenwasser		
Spirituose	Cognac		OT	https://www.openthesaurus.de/synonyme/Cognac	https://www.wikidata.org/wiki/Q146470	Weinbrand		
Spirituose	Kognak		OT; D1; Sanders	https://www.openthesaurus.de/synonyme/Kognak	https://www.wikidata.org/wiki/Q146470	Weinbrand		
Spirituose	Weinbrand		OT	https://www.openthesaurus.de/synonyme/Weinbrand	https://www.wikidata.org/wiki/Q146470	Weinbrand		
Spirituose	Digestif		OT	https://www.openthesaurus.de/synonyme/Digestif	https://www.wikidata.org/wiki/Q1344463	Verdauungsschnaps		
Spirituose	Verdauungsschnaps		OT	https://www.openthesaurus.de/synonyme/Verdauungsschnaps	https://www.wikidata.org/wiki/Q1344463	Verdauungsschnaps		
Spirituose	Magenbitter		D1		https://www.wikidata.org/wiki/Q1344463	Verdauungsschnaps		
Spirituose	Absinth		D1; D9; Sanders		https://www.wikidata.org/wiki/Q170210	Absinth		
Spirituose	Aquavit		D9; Sanders		https://www.wikidata.org/wiki/Q178899	Aquavit		
Spirituose	Lebenswasser		Sanders; LWP					
Spirituose	Goldwasser		D1		https://www.wikidata.org/wiki/Q836692	Danziger Goldwasser		
Spirituose	Whiskey	Whisky	GermaNet; D1; D9 		https://www.wikidata.org/wiki/Q281	Whisky		
Spirituose	Eierlikör		D9		https://www.wikidata.org/wiki/Q496934	Eierlikör		
Spirituose	Kirsch		D1; D9		https://www.wikidata.org/wiki/Q279034	Kirschwasser		
Spirituose	Kirschwasser		D9		https://www.wikidata.org/wiki/Q279034	Kirschwasser		
Spirituose	Kirschgeist		Sanders		https://www.wikidata.org/wiki/Q279034	Kirschwasser		
Spirituose	Kräuterlikör		D9		https://www.wikidata.org/wiki/Q1883967	Kräuterlikör		
Spirituose	Kräuterschnaps		GermaNet		https://www.wikidata.org/wiki/Q1883967	Kräuterlikör		
Spirituose	Klarer		D9; LWP		https://www.wikidata.org/wiki/Q12673554	Spirituose		
Spirituose	Rum		D9		https://www.wikidata.org/wiki/Q83376	Rum		
Spirituose	Zuckerrohrschnaps		LWP		https://www.wikidata.org/wiki/Q83376	Rum		
Spirituose	Tequila		D9		https://www.wikidata.org/wiki/Q122195	Tequila		
Spirituose	Brandy		Sanders		https://www.wikidata.org/wiki/Q146470	Weinbrand		
Spirituose	Arrak	Arrack	GermaNet; Sanders		https://www.wikidata.org/wiki/Q549301	Anisée		
Spirituose	Pflaumenbranntwein		Sanders		https://www.wikidata.org/wiki/Q244493	Zwetschgenwasser		
Spirituose	Kümmelbranntwein		Sanders		https://www.wikidata.org/wiki/Q1142021	Kümmel		
Spirituose	Wermutbranntwein		Sanders		https://www.wikidata.org/wiki/Q170210	Absinth		
Spirituose	Wermutschnaps		Sanders		https://www.wikidata.org/wiki/Q170210	Absinth		
Spirituose	Anisbranntwein		Sanders		https://www.wikidata.org/wiki/Q549301	Anisée		
Spirituose	Pfefferminzlikör		Sanders		https://www.wikidata.org/wiki/Q2083457	Pfefferminzlikör		
Spirituose	Anislikör		Sanders		https://www.wikidata.org/wiki/Q549301	Anisée		
Spirituose	Anisschnaps		OT	https://www.openthesaurus.de/synonyme/Anisschnaps	https://www.wikidata.org/wiki/Q549301	Anisée		
Spirituose	Grappa		OT	https://www.openthesaurus.de/synonyme/Grappa	https://www.wikidata.org/wiki/Q525397	Tresterbrand		
Spirituose	Tresterbrand		OT	https://www.openthesaurus.de/synonyme/Tresterbrand	https://www.wikidata.org/wiki/Q525397	Tresterbrand		
Spirituose	Tresterschnaps		OT	https://www.openthesaurus.de/synonyme/Tresterschnaps	https://www.wikidata.org/wiki/Q525397	Tresterbrand		
Spirituose	Sherry		GermaNet		https://www.wikidata.org/wiki/Q16398	Sherry		
Spirituose	Reisbranntwein		GermaNet		https://www.wikidata.org/wiki/Q1458114	Arrak		
Spirituose	Reisschnaps		GermaNet		https://www.wikidata.org/wiki/Q1458114	Arrak		
Alkoholhaltiges_Heißgetränk	Jagertee	Jagatee; Jägertee	OT	https://www.openthesaurus.de/synonyme/Jagertee; https://www.openthesaurus.de/synonyme/Jagatee; https://www.openthesaurus.de/synonyme/J%C3%A4gertee 	https://www.wikidata.org/wiki/Q1678436	Jagatee		
Alkoholhaltiges_Heißgetränk	Förstertee		OT	https://www.openthesaurus.de/synonyme/F%C3%B6rstertee	https://www.wikidata.org/wiki/Q1678436	Jagatee		
Alkoholhaltiges_Heißgetränk	Hüttentee		OT	https://www.openthesaurus.de/synonyme/H%C3%BCttentee	https://www.wikidata.org/wiki/Q1678436	Jagatee		
Alkoholhaltiges_Heißgetränk	Glühwein		OT; GermaNet	https://www.openthesaurus.de/synonyme/Gl%C3%BChwein	https://www.wikidata.org/wiki/Q6584	Glühwein		
Alkoholhaltiges_Heißgetränk	Glühmost		GermaNet		https://www.wikidata.org/wiki/Q1532845	Glühmost		
Alkoholhaltiges_Heißgetränk	Punsch		OT; GermaNet	https://www.openthesaurus.de/synonyme/Punsch	https://www.wikidata.org/wiki/Q1121224	Punsch		
Alkoholhaltiges_Heißgetränk	Bischof		D1; Sanders		https://www.wikidata.org/wiki/Q6584	Glühwein		
Alkoholhaltiges_Heißgetränk	Kardinal		D1; Sanders		https://www.wikidata.org/wiki/Q6584	Glühwein		
Alkoholhaltiges_Heißgetränk	Weinwarm		Sanders		https://www.wikidata.org/wiki/Q6584	Glühwein		
Alkoholhaltiges_Heißgetränk	Feuerzangenbowle		OT	https://www.openthesaurus.de/synonyme/Feuerzangenbowle	https://www.wikidata.org/wiki/Q1410129	Feuerzangenbowle		
Alkoholhaltiges_Heißgetränk	Gewürzwein		D1		https://www.wikidata.org/wiki/Q6584	Glühwein		
Alkoholhaltiges_Heißgetränk	Hippokras		D1		https://www.wikidata.org/wiki/Q6584	Glühwein		
Alkoholhaltiges_Heißgetränk	Grog		OT; GermaNet	https://www.openthesaurus.de/synonyme/Grog	https://www.wikidata.org/wiki/Q492554	Grog		
Alkoholhaltiges_Heißgetränk	Espresso mit Schuss		OT	https://www.openthesaurus.de/synonyme/Espresso%20mit%20Schuss	https://www.wikidata.org/wiki/Q62451	corretto cafe		
Alkoholhaltiges_Heißgetränk	Kaffee mit Schuss		OT	https://www.openthesaurus.de/synonyme/Kaffee%20mit%20Schuss	https://www.wikidata.org/wiki/Q62451	corretto cafe		
Alkoholhaltiges_Heißgetränk	Irish Coffee		OT	https://www.openthesaurus.de/synonyme/Irish+Coffee	https://www.wikidata.org/wiki/Q622954	Irish Coffee		
Alkoholhaltiges_Heißgetränk	Hoppelpoppel		D1; Sanders		https://www.wikidata.org/wiki/Q1527806	Hoppelpoppel		
Alkoholhaltiges_Heißgetränk	Krambambuli		D1		https://www.wikidata.org/wiki/Q1410129	Feuerzangenbowle		
Alkoholhaltiges_Heißgetränk	Teepunsch		LWP		https://www.wikidata.org/wiki/Q1678436	Jagatee		
Alkoholhaltiges_Heißgetränk	Pharisäer		claude-3-5-sonnet-20241022		https://www.wikidata.org/wiki/Q20674	Pharisäer		
